alias,categories,price,region
nylon-coffee-roasters-singapore,coffeeroasteries,price$,Central
five-oars-coffee-roasters-singapore-2,coffeeroasteries,price$$,Central
the-wired-monkey-singapore-singapore,,price$,Central
glasshouse-singapore,,price$$,Central
tiong-hoe-specialty-coffee-singapore-3,coffeeroasteries,price$,Central
mellower-coffee-singapore-188967,,price$$,Central
common-man-coffee-roasters-singapore,coffeeroasteries,price$$,Central
craftsmen-specialty-coffee-singapore-4,breakfast_brunch,price$$,Central
the-coffee-academics-singapore-3,,price$$,Central
the-clueless-goat-singapore,breakfast_brunch,price$,Central
jewel-coffee-singapore-3,breakfast_brunch,price$$,Central
chye-seng-huat-hardware-singapore,,price$$,Central
brawn-and-brains-coffee-singapore,sandwiches,price$$,Southeast
tolidos-espresso-nook-singapore-3,breakfast_brunch,price$$,Central
coffee-smith-singapore,breakfast_brunch,price$$,Central
tiong-bahru-bakery-singapore-4,cafes,price$$,Central
patisserie-g-singapore,breakfast_brunch,price$$,Central
grind-coffee-singapore,,price$$,Central
awesome-coffee-singapore,cafes,price$,Central
sweetspot-singapore-2,cafes,price$$,Central
brunches-cafe-singapore-3,bakeries,price$$,Central
boyles-coffee-x-cold-brew-bar-singapore,,price$$,Central
hygge-singapore,desserts,price$,Central
bacha-coffee-singapore,cafes,price$$,Central
candour-coffee-singapore,,price$,Central
curious-palette-singapore,bars,price$$,Central
apartment-coffee-singapore,coffeeroasteries,price$$,Central
two-men-bagel-house-singapore,breakfast_brunch,price$,Central
tiong-bahru-bakery-singapore-3,bakeries,price$,Central
the-coffee-shot-singapore,cafes,price$$,Central
bread-and-hearth-singapore,bakeries,price$$,Central
free-the-robot-singapore,cafes,price$,Central
asanoya-singapore,bakeries,price$,Central
arabica-singapore-3,,price$$,Central
zeppelin-and-co-singapore,,price$$,Central
geisha-specialty-coffee-singapore,cafes,price$,Central
pacamara-boutique-coffee-roasters-singapore,bakeries,price$$,Central
da-paolo-gastronomia-orchard-paragon-singapore,desserts,price$$,Central
wanna-cuppa-singapore,cafes,price$$,Central
starbucks-singapore-21,,price$,Central
bettr-barista-coffee-academy-singapore,,price$$,Southeast
alchemist-singapore,,price$$,Central
tcc-the-connoisseur-concerto-singapore-13,,price$$,Central
the-alley-singapore,cafes,price$$,Central
d-good-cafe-singapore-3,cafes,price$$,Central
manicurious-singapore,,price$$,Central
nanyang-old-coffee-singapore,,price$,Central
sam-yat-coffee-singapore,desserts,price$,Central
killiney-kopitiam-singapore-4,breakfast_brunch,price$,Central
jewel-coffee-at-millenia-walk-singapore,breakfast_brunch,price$,Central
hvala-chijmes-singapore,,price$$,Central
enchanted-cafe-singapore,cafes,price$$,Central
builders-cafe-singapore-2,cafes,price$$,Southeast
arabica-singapore,,price$$,Central
the-coffee-academics-singapore,,price$$$,Central
atlas-coffeehouse-singapore,breakfast_brunch,price$$,Northwest
the-autobus-singapore,themedcafes,price$,Central
coffee-lounge-singapore,breakfast_brunch,price$$$,Central
spinelli-coffee-company-singapore-5,,price$,Central
strangers-at-work-singapore,,price$,Central
pantler-singapore,desserts,price$$,Central
the-populus-coffee-and-food-co-singapore,breakfast_brunch,price$$,Central
haritts-donuts-and-coffee-singapore,,price$$,Central
toast-box-singapore-63,cafes,price$$,Central
the-book-cafe-singapore,cafes,price$$,Central
tuxedo-singapore,cafes,price$$,Central
upside-down-coffee-alternatives-singapore,,price$$,Central
yahava-koffeeworks-singapore,cafes,price$,Central
lam-yeo-coffee-powder-fty-singapore,,price$$,Central
mellower-coffee-singapore,cafes,price$,Central
maison-kayser-singapore,bakeries,price$$,Central
joe-and-dough-singapore-5,,price$$,Southeast
93-degreesc-coffee-singapore,bakeries,price$$,Central
dutch-colony-coffee-singapore-2,breakfast_brunch,price$,Central
oberstrasse-singapore,breakfast_brunch,price$,Central
doi-chaang-singapore,,price$$,Southwest
grids-and-circles-singapore-2,cafes,price$$,Central
kafe-utu-no-title,cafes,price$$,Central
carry-on-singapore,cafes,price$$,Southeast
the-quarters-singapore,cafes,price$$,Central
the-social-space-singapore,cafes,price$$,Central
boomarang-singapore,breakfast_brunch,price$$,Central
all-in-singapore,cafes,price$,Central
oromo-coffee-singapore,,price$$,Central
fabcafe-singapore,cafes,price$$,Central
d-good-cafe-singapore,cafes,price$$,Northwest
hill-city-cafe-singapore-2,,price$,Southeast
grain-traders-singapore,cafes,price$$,Central
lau-pa-sat-singapore-2,,price$,Central
o-coffee-club-singapore-4,,price$$,Central
homeground-coffee-roasters-singapore,coffeeroasteries,price$$,Southeast
chaiholics-singapore-3,,price$$,Central
toast-box-singapore,cafes,price$,Central
my-awesome-cafe-singapore,cafes,price$$,Central
selfie-coffee-singapore,cafes,price$,Central
wa-cafe-singapore,,price$$,Central
the-house-of-robert-timms-singapore-3,cafes,price$,Central
loong-fatt-tau-sar-piah-singapore,bakeries,price$,Central
double-shot-coffee-singapore,,price$$,Central
stateland-cafe-singapore,cafes,price$$,Central
the-new-black-singapore-2,,price$$,Central
ya-kun-kaya-toast-singapore-42,breakfast_brunch,price$,Central
ten-cafe-singapore,breakfast_brunch,price$,Central
tai-hwa-coffee-stall-singapore,,price$,Central
lupicia-singapore,,price$$,Central
tianns-bakery-singapore,bakeries,price$$,Central
nunsaram-singapore,cafes,price$$$$,Central
compound-coffee-co-singapore,coffeeroasteries,price$$,Northeast
craftsmen-specialty-coffee-singapore-3,cafes,price$$,Central
the-providore-singapore-4,breakfast_brunch,price$$,Central
café-mosaic-singapore,cafes,price$$,Central
beach-road-kitchen-singapore,breakfast_brunch,price$$,Central
one-man-coffee-singapore-2,,price$$,Southwest
hanis-singapore-2,bakeries,price$,Central
betjeman-and-barton-singapore,,price$$,Central
lavender-food-hub-singapore,,price$$,Central
knots-cafe-and-living-singapore,breakfast_brunch,price$,Southeast
pies-and-coffee-singapore-5,,price$$,Central
meomi-cat-cafe-singapore,cafes,price$$,Central
the-coffee-stop-singapore,,price$,Central
toast-box-singapore-8,cafes,price$,Central
coffee-bean-and-tea-leaf-singapore-7,,price$$,Central
o-coffee-club-singapore-9,,price$$,Central
ya-kun-kaya-toast-singapore-10,cafes,price$,Central
the-coffee-bean-and-tea-leaf-beanstro-marina,,price$$$,Central
jewel-coffee-at-great-world-city-singapore,breakfast_brunch,price$,Central
dr-cafe-coffee-singapore-5,,price$$,Central
black-and-ink-no-title,desserts,price$,Southeast
5-the-moments-cafe-singapore,icecream,price$,Central
tsp-coffee-singapore-2,cafes,price$$,Central
group-therapy-coffee-singapore,breakfast_brunch,price$$,Central
joe-and-the-juice-southern-islands,cafes,price$,Southwest
the-coffee-bean-and-tea-leaf-singapore-21,cafes,price$,Central
common-man-stan-singapore,coffeeroasteries,price$$,Central
percolate-singapore,bakeries,price$$,Southeast
coffee-bandits-singapore,,price$$,Southwest
limaa-singapore,cafes,price$$,Central
coffee-hut-singapore,,price$,Central
keong-saik-bakery-singapore,bakeries,price$,Central
sprmrkt-singapore-4,cafes,price$$,Central
jewel-coffee-singapore-8,breakfast_brunch,price$,Central
old-hen-coffee-bar-singapore-2,cafes,price$,Central
crossings-cafe-singapore,,price$,Central
joan-bowen-the-special-culinary-centre-singapore,desserts,price$$,Southeast
baristart-coffee-singapore-no-title-3,cafes,price$$,Central
the-coffee-bean-and-tea-leaf-singapore-54,,price$$,Central
got-luck-cafe-singapore,,price$$,Central
cocoa-colony-singapore,icecream,price$$,Central
watanabe-coffee-singapore,cafes,price$$,Central
doi-chaang-singapore-3,,price$$,Central
dimbulah-singapore-2,,price$,Central
gentlebros-cafe-singapore,cafes,price$,Central
hoshino-coffee-singapore-4,cafes,price$$,Central
the-7th-cylinder-singapore,desserts,price$$,Central
highlander-coffee-singapore,cafes,price$,Central
platform-1094-singapore,themedcafes,price$$,Central
sinpopo-brand-singapore,,price$$,Southeast
laaf-singapore,cafes,price$$,Southeast
cafe-crema-singapore,breakfast_brunch,price$$,Central
revelry-singapore,,price$$,Southwest
two-bakers-cafe-singapore,desserts,price$$,Central
fawr-and-co-singapore,,price$$,Southeast
collective-brewers-singapore,cafes,price$$,Southeast
brew-maison-singapore,cafes,price$$,Central
toast-box-singapore-27,cafes,price$,Central
mellower-coffee-singapore-3,cafes,price$$,Central
wakey-wakey-singapore,cafes,price$$,Central
starbucks-singapore-103,,price$,Central
mix-box-cafe-singapore,,price$,Southeast
ya-kun-kaya-toast-singapore-48,sandwiches,price$$,Central
dal-komm-coffee-singapore-3,cafes,price$$,Central
quan-chin-cafe-singapore,,price$$,Central
the-coffee-bean-and-tea-leaf-singapore-35,,price$$,Central
ya-kun-kaya-toast-singapore-22,cafes,price$,Central
jewel-coffee-singapore-13,breakfast_brunch,price$,Central
good-morning-nanyang-cafe-singapore-2,cafes,price$,Central
la-ristrettos-singapore,cafes,price$$,Central
the-aftertaste-singapore-2,,price$$,Southeast
killiney-singapore-8,,price$$,Central
baker-and-cook-singapore-10,breakfast_brunch,price$,Northwest
dot-and-dash-singapore,breakfast_brunch,price$,Central
whisk-cafe-singapore,cafes,price$,Central
the-coffee-bean-and-tea-leaf-singapore-38,,price$,Central
k88-coffee-house-singapore,,price$,Central
bearded-bella-singapore,cafes,price$$,Central
cafe-nido-singapore,cafes,price$$,Central
da-paolo-gastronomia-bukit-timah-bukit-timah,desserts,price$$,Central
momo-cafe-singapore,,price$,Central
vickys-singapore-2,,price$$,Northwest
wheelers-yard-singapore,cafes,price$$,Central
nanyang-old-coffee-singapore-6,,price$,Central
one-man-coffee-singapore,cafes,price$,Central
white-rose-cafe-singapore,cafes,price$$,Central
rise-and-grind-coffee-co-bukit-timah,,price$$,Northwest
ogopogo-singapore,,price$,Central
royz-et-vous-singapore,bars,price$$,Central
atas-coffee-singapore,,price$$,Southeast
mr-teh-tarik-cartel-singapore,,price$,Central
kaya-kaya-singapore,,price$,Central
local-coffee-people-singapore,,price$,Central
spize-singapore-2,cafes,price$$,Central
neko-no-niwa-singapore,cafes,price$$,Central
westin-lobby-lounge-singapore,,price$$,Central
6oz-espresso-bar-singapore,,price$$,Central
the-tiny-roaster-120106,coffeeroasteries,price$,Northwest
spinelli-coffee-company-singapore-3,,price$$,Central
o-coffee-club-singapore-5,cafes,price$$,Southeast
ya-kun-kaya-toast-singapore-40,icecream,price$$,Central
two-men-bagel-house-singapore-4,breakfast_brunch,price$,Central
habitat-coffee-singapore-2,cafes,price$$,Central
long-black-cafe-singapore,,price$$$,Southwest
laurent-bernard-chocolatier-singapore,desserts,price$$,Central
jewel-coffee-singapore-12,,price$$,Central
glyph-singapore-2,coffeeroasteries,price$$,Central
the-malayan-council-singapore-2,cafes,price$$,Central
the-lobby-lounge-singapore,,price$$,Central
starbucks-singapore-26,,price$$,Southwest
icebox-cafe-singapore,desserts,price$$,Central
ya-kun-kaya-toast-singapore,,price$$,Central
escape-restaurant-and-lounge-singapore,cafes,price$$,Central
the-marmalade-pantry-singapore-5,breakfast_brunch,price$$,Central
oriole-coffee-bar-singapore-2,bars,price$$,Central
jab-bistro-bar-downtown-core-2,cafes,price$$,Central
qita-in-the-park-singapore,,price$$,Central
dimbulah-singapore-9,breakfast_brunch,price$,Central
professor-brawn-cafe-singapore-2,cafes,price$$,Central
mays-kopi-bar-singapore,cafes,price$$,Northwest
1983-a-taste-of-nanyang-singapore-2,,price$,Southeast
l-atelier-tiramisu-singapore,bakeries,price$,Central
singapore-swimming-club-singapore,cafes,price$$$,Southeast
dawn-singapore,,price$$,Central
central-perk-cafe-singapore,themedcafes,price$,Central
ya-kun-kaya-toast-singapore-44,juicebars,price$,Central
crazy-world-cafe-singapore,cafes,price$$,Central
bundt-by-the-backyard-bakers-singapore,bakeries,price$,Central
creamier-handcrafted-ice-cream-and-coffee-singapore-2,icecream,price$$,Central
baker-and-cook-singapore-4,bakeries,price$$,Central
sunnyhills-singapore,bakeries,price$$,Central
geometry-singapore,desserts,price$$,Central
woobbee-singapore,,price$$,Central
lunar-coffee-brewers-singapore,breakfast_brunch,price$,Central
open-farm-community-singapore,,price$$$,Central
craftsmen-specialty-coffee-singapore-5,breakfast_brunch,price$$,Northwest
jamaica-blue-singapore-2,cafes,price$$,Central
starbucks-singapore-92,,price$$,Central
ya-kun-kaya-toast-singapore-32,juicebars,price$,Central
ya-kun-kaya-toast-singapore-13,,price$,Central
pacific-coffee-singapore-4,,price$$,Central
beanstro-singapore,breakfast_brunch,price$$$,Central
the-muffinry-bakery-and-cafe-singapore,bakeries,price$$,Central
grasso-coffee-singapore-2,cafes,price$$,Southeast
shrove-tuesday-singapore,,price$$,Central
starbucks-singapore-66,,price$,Central
joe-and-dough-singapore-4,,price$,Central
bakers-13-singapore,desserts,price$,Southeast
the-bravery-cafe-singapore,,price$$,Central
strangers-reunion-singapore,cafes,price$$,Central
foong-kee-coffee-shop-singapore,,price$,Central
violet-oons-kitchen-singapore,cafes,price$$,Northwest
killiney-kopitiam-newton-singapore,breakfast_brunch,price$$$,Central
smør-singapore,cafes,price$$,Southwest
symmetry-singapore,cafes,price$$$,Central
espressoul-singapore-2,,price$$,Central
tullys-coffee-singapore,,price$$,Central
workshop-no-title-2,,price$,Central
stamping-ground-singapore-2,,price$$,Southeast
jewel-coffee-singapore-11,,price$$,Southwest
café-kapok-singapore,cafes,price$$,Central
soi-55-singapore-2,,price$$,Central
creamier-singapore-2,desserts,price$$,Southwest
spinelli-coffee-company-singapore,,price$$,Central
le-kue-singapore,,price$$,Central
mean-bean-and-wicked-grind-singapore,cafes,price$$,Central
play-nation-singapore,cafes,price$$,Central
blocs-singapore,,price$$,Southeast
jones-the-grocer-singapore-3,breakfast_brunch,price$$$,Central
old-town-white-coffee-singapore-10,,price$$,Southeast
the-hangar-singapore,breakfast_brunch,price$$,Central
afterwit-singapore-2,cafes,price$$,Central
fanny-singapore,icecream,price$$,Southeast
da-paolo-gastronomia-marina-bay-sands-singapore,desserts,price$$,Central
tobys-estate-singapore,breakfast_brunch,price$$,Central
dal-komm-coffee-singapore,juicebars,price$$,Central
caffe-vergnano-1882-singapore-3,cafes,price$$,Central
yogart-singapore,cafes,price$$,Central
columbus-coffee-co-singapore,cafes,price$$,Central
jewel-coffee-singapore-7,breakfast_brunch,price$,Central
olivia-and-co-singapore-2,breakfast_brunch,price$$,Central
botany-singapore,cafes,price$$,Central
characters-cafe-singapore-2,cafes,price$$,Central
the-marshmallow-tree-singapore,desserts,price$,Southwest
da-paolo-gastronomia-holland-village-singapore-2,,price$$,Northwest
starbucks-singapore-37,,price$,Central
toast-box-singapore-54,cafes,price$,Central
killiney-kopitiam-singapore-11,breakfast_brunch,price$,Central
kith-cafe-singapore-3,breakfast_brunch,price$$,Central
memo-café-singapore,cafes,price$$,Central
harrys-bar-singapore-2,bars,price$$$$,Central
starbucks-singapore-24,,price$$,Central
20-grams-speciality-coffee-singapore,,price$$,Southeast
reload-singapore,,price$$,Central
little-oasis-singapore,,price$$,Central
the-cat-cafe-singapore-2,cafes,price$$,Central
olivia-and-co-singapore,breakfast_brunch,price$$,Northeast
waterfall-cafe-singapore,cafes,price$$$$,Central
toast-box-singapore-53,cafes,price$,Central
the-milky-way-singapore,desserts,price$$,Central
koi-cafe-singapore-2,cafes,price$,Central
drury-lane-singapore,breakfast_brunch,price$$,Central
baker-and-cook-singapore,bakeries,price$$,Northwest
jimmy-monkey-cafe-and-bar-singapore,cafes,price$$,Southwest
cafe-salivation-singapore,cafes,price$$,Central
the-matcha-project-singapore,desserts,price$$,Central
baker-and-cook-singapore-12,cafes,price$$,Central
sixth-cafelink-singapore,,price$,Northwest
sarnies-singapore,cafes,price$$,Central
tcc-singapore-2,,price$$,Central
plain-vanilla-bakery-singapore-2,bakeries,price$,Central
starbucks-singapore-140,,price$$,Central
old-tea-hut-singapore,,price$,Central
stray-by-fatcat-singapore,,price$,Central
oriole-coffee-bar-neue,bars,price$$,Central
guac-and-go-singapore,juicebars,price$$,Central
chocolate-mark-singapore,,price$$,Central
my-melody-cafe-singapore-singapore,cafes,price$$,Central
the-company-of-cats-singapore,cafes,price$,Central
plain-jane-singapore-2,cafes,price$,Southeast
lolas-cafe-singapore,cafes,price$$,Northeast
toast-box-singapore-10,cafes,price$$,Central
mother-dough-singapore,bakeries,price$$,Central
kagurazaka-saryo-singapore,desserts,price$$,Central
da-paolo-dempsey-singapore-2,bakeries,price$,Central
tiong-bahru-bakery-singapore,bakeries,price$$,Central
rich-and-good-cake-shop-singapore,desserts,price$,Central
toast-box-singapore-23,cafes,price$,Central
dolcetto-by-basilico-singapore,bakeries,price$$$$,Central
dutch-colony-coffee-singapore,,price$$,Southeast
punch-singapore,desserts,price$$,Central
one28-singapore,,price$$$,Central
makko-teck-neo-singapore,cafes,price$$,Central
baker-and-cook-singapore-5,bakeries,price$$,Southeast
boufe-boutique-cafe-singapore,cafes,price$$,Central
craftsmen-specialty-coffee-singapore,breakfast_brunch,price$$,Southeast
cawaii-koohii-singapore,,price$$,Central
huggs-coffee-singapore-2,,price$$,Southeast
caffe-beviamo-tanglin-mall-singapore,cafes,price$,Central
the-marmalade-pantry-singapore-4,breakfast_brunch,price$$,Central
valle-bar-cafe-singapore,cafes,price$$,Northwest
2am-dessert-bar-singapore,bars,price$$$,Northwest
the-bao-makers-singapore,cafes,price$$,Central
black-fairy-coffee-singapore,cafes,price$$,Central
walking-on-sunshine-cafe-singapore,breakfast_brunch,price$$,Central
toast-box-no-title-4,cafes,price$,Central
bungy-bar-singapore,cafes,price$$,Central
commune-singapore,cafes,price$$,Central
moly-cafe-singapore,cafes,price$,Central
cozy-corner-coffee-singapore,,price$$,Central
living-cafe-and-deli-singapore,,price$$,Northwest
pek-kio-market-and-food-centre-singapore,breakfast_brunch,price$,Central
the-lokal-singapore,cafes,price$$,Central
le-jardin-singapore,cafes,price$$,Central
food-for-thought-singapore,breakfast_brunch,price$$,Central
jewel-coffee-singapore-15,breakfast_brunch,price$$,Central
ladurée-singapore,desserts,price$$$$,Central
the-coffee-bean-and-tea-leaf-singapore-56,,price$$,Southeast
koi-cafe-singapore,,price$$,Central
starbucks-singapore-47,,price$$,Central
espressivo-cafe-singapore,cafes,price$,Central
brill-singapore,breakfast_brunch,price$$,Central
kith-cafe-singapore-6,breakfast_brunch,price$,Central
starbucks-singapore-91,,price$,Central
the-cup-rice-and-noodle-singapore,desserts,price$$,Central
don-don-donki-singapore-4,,price$$,Central
the-gourmet-food-co-singapore,,price$$,Central
hoshino-coffee-singapore-7,cafes,price$$,Northwest
toast-box-singapore-22,cafes,price$,Central
the-dog-and-bone-cafe-singapore-2,cafes,price$$,Southeast
the-flame-cafe-singapore,cafes,price$$,Southeast
simply-bread-singapore-3,bakeries,price$$,Northwest
238-coffee-stall-singapore,,price$,Central
fun-toast-singapore-7,,price$,Central
huggs-coffee-gb-building-singapore,,price$$,Central
avenue-cafe-singapore,,price$$,Southeast
epicurious-singapore-2,breakfast_brunch,price$,Central
starbucks-singapore-129,,price$$,Central
chettynad-curry-palace-singapore,,price$,Central
twg-tea-at-swissotel-the-stamford-singapore,,price$$,Central
little-farms-singapore,,price$$,Central
coffee-nowhere-singapore-3,,price$$,Southwest
flock-café-singapore,cafes,price$$,Central
house-of-commons-singapore,breakfast_brunch,price$$,Central
the-coffee-bean-and-tea-leaf-singapore-9,,price$$,Central
black-barista-coffee-world-singapore,coffeeroasteries,price$$,Central
paddy-hills-singapore,cafes,price$$$,Southwest
kopitiam-singapore-8,,price$,Central
the-coconut-club-singapore,,price$$,Central
the-good-boys-juice-and-coffee-bar-singapore,juicebars,price$$,Southeast
crown-bakery-and-cafe-singapore,bakeries,price$$,Northwest
tuk-tuk-cha-singapore-2,cafes,price$$,Central
ps-cafe-singapore-8,cafes,price$$$,Central
coffee-hive-singapore-5,cafes,price$$,Central
the-alley-luxe-singapore,cafes,price$$,Central
suzette-singapore,cafes,price$,Central
le-cafe-confectionery-and-pastry-singapore,bakeries,price$,Central
cafe-insadong-singapore,cafes,price$$,Central
mr-teh-tarik-eating-house-singapore-5,cafes,price$$,Southeast
toast-box-singapore-49,breakfast_brunch,price$,Central
tantric-bar-and-may-wongs-cafe-singapore-2,cafes,price$$,Central
mushroom-cafe-singapore,cafes,price$$,Central
flee-away-cafe-singapore,cafes,price$$,Central
coffee-and-toast-singapore,cafes,price$,Central
joe-and-dough-singapore-6,cafes,price$,Central
wang-cafe-singapore-10,cafes,price$$,Central
flor-patisserie-singapore,bakeries,price$$,Central
the-assembly-ground-singapore,,price$$,Central
botanist-singapore,cafes,price$$,Central
the-coffee-bean-and-tea-leaf-singapore-51,,price$,Southwest
toast-box-singapore-24,cafes,price$,Central
ultra-bake-singapore-4,bakeries,price$$,Central
va-va-voom-cafe-singapore,cafes,price$,Central
simply-bread-singapore-2,breakfast_brunch,price$$,Central
the-affogato-bar-singapore,icecream,price$$,Central
flavour-flings-singapore,cafes,price$$,Northeast
kara-cafe-and-dessert-bar-singapore,desserts,price$,Northwest
2nd-mini-steamboat-delight-singapore,cafes,price$$,Central
hill-street-coffee-shop-singapore,breakfast_brunch,price$$,Central
muzium-cafe-singapore,cafes,price$$,Central
henri-charpentier-singapore-3,desserts,price$$$,Central
butterknife-folk-singapore,icecream,price$,Central
humble-origins-cafe-queenstown,cafes,price$$,Southwest
trung-nguyen-cafe-downtown-core,,price$$,Central
the-coffee-bean-and-tea-leaf-singapore-24,,price$$,Northwest
gong-cha-no-title-2,,price$,Central
arabica-singapore-4,cafes,price$$,Northwest
artisan-boulangerie-co-singapore-4,bakeries,price$$,Central
the-fabulous-baker-boy-singapore,cafes,price$$,Central
ppp-coffee-singapore,breakfast_brunch,price$$,Central
qs269-singapore,cafes,price$,Central
starbucks-singapore-121,,price$$,Central
j-co-donuts-and-coffee-singapore,bakeries,price$$,Central
pru-cafe-singapore,cafes,price$$,Central
starbucks-singapore-93,,price$$,Central
open-book-cafe-singapore,cafes,price$,Central
the-reading-room-singapore,bars,price$$,Central
the-disgruntled-chef-singapore,breakfast_brunch,price$$$,Central
gofre-singapore,cafes,price$,Central
kotobuki-coffee-singapore-2,cafes,price$$,Central
esette-singapore-2,breakfast_brunch,price$$,Central
the-coffee-bean-and-tea-leaf-singapore-64,,price$$,Southeast
starbucks-coffee-singapore-8,,price$$,Southeast
joe-and-dough-singapore-10,bakeries,price$$,Central
lim-beng-coffee-house-singapore-2,,price$$,Southeast
milkissimo-singapore,,price$,Southeast
toastbox-singapore-9,cafes,price$,Southeast
kitchen-by-food-rebel-singapore,breakfast_brunch,price$$,Central
group-therapy-cafe-singapore,cafes,price$$,Southeast
moonstone-a-s-m-singapore,breakfast_brunch,price$$,Central
andiamo-gelateria-singapore,,price$$,Central
twenty-eight-cafe-singapore,cafes,price$$,Central
froth-singapore,cafes,price$$,Central
the-basement-cafe-singapore,cafes,price$$,Central
raffles-place-bistro-singapore,cafes,price$$,Central
eat-me-singapore-2,breakfast_brunch,price$,Central
kith-cafe-singapore,sandwiches,price$$,Central
hoshino-coffee-singapore-6,cafes,price$$,Central
crossroads-café-singapore-2,cafes,price$$$,Central
alchemist-singapore-2,,price$$,Southeast
wang-cafe-singapore-14,cafes,price$,Central
the-tiong-bahru-club-singapore,bars,price$$,Central
bluemist-singapore,cafes,price$,Central
toms-palette-singapore,icecream,price$,Central
bees-knees-singapore,cafes,price$$,Central
y-cafe-singapore,cafes,price$$,Central
summerlong-singapore,breakfast_brunch,price$$,Central
sun-ray-cafe-singapore,cafes,price$$,Southeast
letao-singapore,bakeries,price$,Central
sin-lai-lai-snack-house-singapore-2,cafes,price$$,Central
bobs-bar-singapore,desserts,price$$,Southwest
ps-cafe-petit-singapore,cafes,price$$,Central
the-dough-shoppe-singapore,cafes,price$$,Central
raffles-city-market-place-singapore,,price$$,Central
dc-comics-super-heroes-cafe-singapore,themedcafes,price$$,Central
lowercase-singapore,cafes,price$$,Central
mays-kafe-singapore-2,cafes,price$$,Southwest
okada-coffee-singapore,,price$$,Central
bakery-and-bar-st-marc-singapore-2,cafes,price$$,Southeast
cafe-melba-singapore,cafes,price$$,Southeast
traditional-haig-road-putu-piring-singapore-3,cafes,price$$,Southeast
bread-and-hearth-singapore-2,bakeries,price$$,Southeast
penny-university-singapore,breakfast_brunch,price$,Southeast
tarte-by-cheryl-koh-singapore,desserts,price$$$,Central
old-tea-hut-singapore-2,,price$,Central
kith-cafe-singapore-4,cafes,price$$$,Central
artisan-boulangerie-co-singapore-7,bakeries,price$$,Central
cafe-kreams-singapore,cafes,price$$,Central
nam-dae-mun-singapore,desserts,price$,Central
clinton-street-baking-company-and-restaurant-singapore,breakfast_brunch,price$$,Central
dimbulah-singapore,cafes,price$$,Central
the-coffee-bean-and-tea-leaf-singapore,,price$,Southeast
starbucks-singapore-141,,price$,Central
simply-sandwich-singapore,sandwiches,price$$,Central
isle-eating-house-singapore,,price$,Central
a-gan-tea-singapore,,price$,Central
bodacious-bar-and-bistro-singapore,cafes,price$$,Southwest
dimbulah-coffee-singapore,,price$,Central
refuel-ii-singapore,cafes,price$$,Central
alexs-eating-house-singapore,,price$,Central
verdure-cafe-singapore,cafes,price$$,Central
house-of-tau-sar-piah-singapore,bakeries,price$,Central
dino-cake-house-and-cafe-singapore,bakeries,price$,Central
starbucks-singapore-43,desserts,price$$,Central
drips-singapore,desserts,price$$,Central
the-affogato-lounge-singapore,cafes,price$$,Central
starbucks-singapore-150,,price$$,Central
tsujiri-singapore-2,,price$$,Central
tiong-bahru-bakery-singapore-5,bakeries,price$,Northwest
swirls-bake-shop-singapore,bakeries,price$$,Central
maxwell-food-centre-singapore-3,,price$,Central
luna-singapore,desserts,price$$,Central
gusto-elemento-singapore,,price$$,Central
balmoral-bakery-singapore,bakeries,price$,Northwest
nassim-hill-bakery-bistro-bar-singapore,bars,price$$,Central
thus-coffee-singapore,cafes,price$$,Central
starbucks-singapore-82,,price$$,Central
south-union-park-singapore,cafes,price$$,Southeast
starbucks-orchard,,price$$,Central
gather-singapore-2,juicebars,price$$,Central
yellow-cup-express-singapore,,price$$,Central
toast-box-singapore-40,cafes,price$$,Central
joe-and-dough-singapore-9,bakeries,price$$,Central
63-singapore,breakfast_brunch,price$$,Central
and-all-things-delicious-singapore-3,bakeries,price$$$,Central
rive-gauche-patisserie-singapore,bakeries,price$,Central
max-brenner-chocolate-bar-singapore-2,desserts,price$$,Central
killiney-kopitiam-singapore-12,cafes,price$$,Central
lao-huo-tang-singapore,,price$,Central
joe-and-the-juice-singapore,juicebars,price$$,Central
the-coffee-bean-and-tea-leaf-singapore-18,,price$,Central
claudes-singapore,cafes,price$$,Northwest
jia-cheng-singapore,,price$,Central
the-providore-singapore-3,cafes,price$,Central
the-famous-ice-cream-rolls-shop-singapore,icecream,price$$,Central
ya-kun-kaya-toast-singapore-41,sandwiches,price$$,Central
round-8-singapore,cafes,price$$,Southeast
tiffin-singapore,cafes,price$$,Central
cafe-o-singapore-2,cafes,price$$,Northwest
starbucks-singapore-86,,price$$,Central
rocky-master-singapore,cafes,price$$,Central
ta-ke-cafe-singapore,breakfast_brunch,price$$,Central
the-coffee-bean-and-tea-leaf-singapore-46,,price$,Central
two-blur-guys-singapore,cafes,price$$,Central
the-coffee-bean-and-tea-leaf-singapore-23,cafes,price$,Northwest
creamier-singapore,icecream,price$,Central
good-good-eating-house-singapore,,price$,Northwest
cafe-del-mar-sentosa-singapore,cafes,price$,Southwest
merchants-singapore,cafes,price$$,Southeast
starbucks-singapore-119,,price$$,Central
art-palates-cafe-singapore,cafes,price$$,Central
backstage-cafe-singapore,,price$$,Southeast
old-chang-kee-coffee-house-singapore,cafes,price$$,Central
coffee-break-singapore,,price$,Central
coffee-and-toast-singapore-4,breakfast_brunch,price$,Central
privé-clarke-quay-singapore,bars,price$$,Central
the-larder-cafe-singapore,cafes,price$$,Central
mr-teh-terik-no-title,,price$$,Central
old-hen-kitchen-singapore,cafes,price$$,Central
lim-teck-guan-minced-pork-singapore,,price$$,Central
cedele-singapore-4,,price$$,Central
bread-yard-singapore-2,bakeries,price$,Southwest
steeped-singapore,,price$$,Central
tiong-bahru-food-market-and-hawker-centre-singapore,,price$,Central
second-storey-cafe-bar-singapore,cafes,price$$,Southeast
sharetea-no-title,,price$$,Central
the-signature-patisserie-singapore,bakeries,price$,Central
freshly-baked-by-le-bijoux-singapore,bakeries,price$,Central
marine-cove-singapore,,price$$,Southeast
fun-toast-singapore,cafes,price$$,Central
red-baron-singapore,cafes,price$$,Southwest
little-wimbly-lu-singapore,desserts,price$$,Northwest
yakun-kaya-toast-singapore-5,cafes,price$$,Central
novus-singapore-2,cafes,price$$,Central
naomi-kitchen-singapore-2,bakeries,price$,Southeast
pickmeup-cafe-singapore,cafes,price$$,Southeast
arteastiq-singapore-3,,price$$,Central
nespresso-boutique-singapore,,price$$,Central
curry-leaf-singapore,,price$$,Central
tiong-bahru-yong-tau-foo-singapore,,price$,Central
drinks-desserts-stall-smith-street-singapore,desserts,price$,Central
charlie-brown-cafe-singapore-5,cafes,price$$,Southeast
new-confectionery-and-restaurant-singapore,cafes,price$,Central
cafe-football-singapore,cafes,price$$,Southeast
toast-box-singapore-51,cafes,price$$,Central
four-seasons-singapore-2,cafes,price$,Central
ya-kun-family-cafe-singapore,,price$$,Central
odd-one-out-singapore,cafes,price$$$,Central
marriott-café-singapore-2,cafes,price$$,Central
smoothy-de-cafe-singapore,cafes,price$$,Southeast
dapper-coffee-singapore-2,,price$$,Central
heavenly-wang-singapore-9,cafes,price$$,Southeast
delifrance-jelita-singapore,cafes,price$,Northwest
cedele-singapore-9,bakeries,price$$,Central
maccha-house-singapore,desserts,price$$,Central
cali-cafe-singapore,cafes,price$$,Southwest
fun-toast-singapore-10,breakfast_brunch,price$,Southwest
greater-lot-by-cedele-no-title,cafes,price$$,Southwest
coffeemin-singapore,cafes,price$$,Central
butter-studio-singapore-2,cafes,price$,Central
old-town-white-coffee-singapore-15,breakfast_brunch,price$$,Central
hot-singapore-2,bars,price$$,Central
toast-box-singapore-50,cafes,price$$,Central
maison-kayser-singapore-5,breakfast_brunch,price$$,Central
dean-and-deluca-singapore-2,cafes,price$$,Central
cha-tra-mue-no-title,cafes,price$$,Central
carpenter-and-cook-singapore,bakeries,price$$,Southwest
the-orange-thimble-singapore,cafes,price$,Central
breko-cafe-singapore,cafes,price$,Northwest
6oz-espresso-bar-singapore-2,cafes,price$,Central
the-royals-cafe-singapore,cafes,price$,Southeast
starbucks-singapore-107,,price$$,Central
privé-singapore-7,cafes,price$$,Central
tom-n-toms-coffee-singapore,desserts,price$,Central
yijia-bakery-house-singapore,bakeries,price$,Central
dimbulah-singapore-5,cafes,price$$,Central
starbucks-singapore-76,,price$$,Central
rabbit-owl-depot-singapore,icecream,price$$,Central
liho-tea-singapore-128,juicebars,price$$,Central
o-parl-cafe-singapore,cafes,price$$,Central
ps-cafe-singapore-7,cafes,price$$$,Central
chinatown-complex-market-and-food-centre-singapore,,price$,Central
tuckshop-singapore,cafes,price$$,Central
morning-bak-kut-tea-singapore,cafes,price$$,Central
hoshino-coffee-singapore,desserts,price$$,Central
starbucks-singapore-177,,price$$,Central
the-con-artist-by-the-fourty-thieves-singapore,cafes,price$$,Central
tcc-the-connoisseur-concerto-singapore-10,cafes,price$$,Central
jamaica-blue-singapore-4,,price$,Central
marco-marco-singapore-4,,price$$,Central
ollella-singapore-2,bakeries,price$$$,Central
starbucks-singapore-173,,price$,Southeast
the-coffee-bean-and-tea-leaf-singapore-37,,price$$,Central
dazzling-cafe-pink-singapore,cafes,price$$,Central
tea-tree-cafe-singapore,desserts,price$,Northeast
the-pantry-cookery-school-singapore,cafes,price$$,Central
omb-singapore-2,cafes,price$$,Central
dimbulah-singapore-3,cafes,price$$,Central
the-coffee-bean-and-tea-leaf-singapore-53,,price$$,Southeast
smor-singapore,,price$,Central
roots-one-north-singapore,cafes,price$$,Southwest
tan-coffee-stall-singapore,,price$,Central
warung-ijo-singapore-2,,price$$,Central
charlie-brown-cafe-singapore-2,cafes,price$$,Central
delifrance-singapore-19,cafes,price$$,Central
mon-bijou-singapore,cafes,price$$,Central
starbucks-reserve-singapore-3,,price$$,Southeast
killiney-kopitiam-singapore-8,breakfast_brunch,price$,Central
joe-and-dough-singapore,bakeries,price$$$,Central
wimbly-lu-chocolate-cafe-company-singapore,cafes,price$$,Southeast
petit-menu-singapore-2,cafes,price$$,Southeast
greyhound-singapore,desserts,price$$,Central
the-coffee-bean-and-tea-leaf-singapore-66,bakeries,price$$,Central
tai-chong-coffee-stall-singapore,,price$,Northwest
jew-kit-hainanese-chicken-rice-singapore,cafes,price$$,Southwest
dutch-baby-cafe-singapore-2,cafes,price$$,Central
yong-kee-seafood-restaurant-singapore,,price$$,Central
chalk-farm-singapore-2,desserts,price$$,Southeast
provence-singapore,bakeries,price$,Northwest
chocolat-n-spice-singapore-2,bakeries,price$,Central
apiary-singapore,desserts,price$$,Central
starbucks-singapore-100,,price$$,Southwest
yakun-kaya-toast-singapore,cafes,price$,Central
liho-tea-singapore-28,juicebars,price$$,Central
bar-bar-black-sheep-no-title,bars,price$$,Northwest
ya-kun-kaya-toast-singapore-14,,price$$,Central
three-cups-coffee-co-singapore,,price$,Central
heng-heng-coffeeshop-singapore,,price$$,Southeast
fayidha-singapore,,price$,Central
the-signature-patisserie-singapore-2,bakeries,price$$,Southwest
old-town-white-coffee-singapore-8,breakfast_brunch,price$,Central
nunsongyee-korean-dessert-cafe-singapore-3,desserts,price$$,Central
ultra-bake-singapore,bakeries,price$$,Central
pie-and-coffee-singapore,cafes,price$$,Southeast
nuevo-cafe-by-kitchenhub-singapore,cafes,price$$,Southeast
koi-cafe-singapore-9,,price$,Southwest
jamboree-bar-and-cafe-singapore,bars,price$$,Central
gong-cha-royal-cafe-singapore,desserts,price$,Central
gudetama-cafe-singapore,themedcafes,price$$,Central
rookery-singapore,bars,price$,Central
dean-and-deluca-singapore-4,cafes,price$$,Southwest
nom-singapore,cafes,price$,Southeast
juice-and-tea-singapore,juicebars,price$,Central
oh-deli-singapore,cafes,price$$,Southeast
starbucks-singapore-18,,price$,Central
ba-li-ba-singapore,cafes,price$$,Central
da-paolo-gastronomia-raffles-city-singapore,desserts,price$$,Central
lets-eat-singapore-4,breakfast_brunch,price$,Central
ping-kee-popiah-singapore,,price$,Central
ananas-cafe-singapore-2,cafes,price$,Central
flying-hog-cafe-and-bar-singapore,bars,price$$,Central
balestier-midnight-bak-kut-teh-singapore,cafes,price$$,Central
shop-wonderland-singapore-2,cafes,price$$,Central
woobbee-singapore-2,,price$$,Central
princess-cafe-singapore,cafes,price$$,Central
the-coffee-roaster-singapore-2,cafes,price$$,Southwest
o-coffee-club-singapore-12,breakfast_brunch,price$$,Central
killiney-kopitiam-singapore-13,,price$,Southwest
ugly-cake-shop-singapore,bakeries,price$$,Central
whisk-and-paddle-singapore-2,cafes,price$$,Northeast
frankies-peanut-pancake-singapore,,price$,Central
velvet-confectionery-singapore,desserts,price$$,Central
mahota-commune-singapore,,price$$,Central
lee-siau-ling-cafe-singapore,desserts,price$$,Central
toast-box-singapore-26,cafes,price$,Central
the-bread-project-singapore,bakeries,price$$,Southeast
level33-singapore-4,,price$$,Central
chapter-55-singapore,icecream,price$$,Central
greenview-cafe-singapore,cafes,price$$,Central
sheng-chen-fried-kway-teow-singapore,,price$,Central
knuckles-singapore,cafes,price$,Northeast
ibake-singapore,bakeries,price$,Southwest
vanilla-bar-and-café-singapore-2,cafes,price$$,Central
pasarbella-singapore-2,desserts,price$$,Central
riders-cafe-singapore,breakfast_brunch,price$$,Northwest
sun-moon-singapore,,price$,Central
jalan-benaan-kapal-food-centre-singapore,,price$,Southeast
simon-road-oyster-omelette-carrot-cake-singapore,cafes,price$$,Northeast
the-tastemaker-store-singapore,bakeries,price$,Central
the-kitchen-singapore,cafes,price$,Southwest
tea-royal-singapore,juicebars,price$$,Central
starbucks-singapore-33,desserts,price$$,Southwest
heavenly-wang-singapore-5,cafes,price$$,Central
hai-sing-coffee-stall-singapore,,price$$,Central
ya-kun-kaya-toast-singapore-20,cafes,price$,Central
qiji-singapore-3,cafes,price$$,Southwest
jim-foods-supplier-singapore,,price$,Northeast
ps-cafe-singapore-9,cafes,price$$,Central
jenny-bakery-singapore-singapore-2,bakeries,price$$$,Northeast
jard-by-sarnies-singapore,,price$$,Central
wild-honey-singapore-3,breakfast_brunch,price$$,Central
chili-padi-nonya-cafe-singapore,cafes,price$$,Southwest
shen-and-co-singapore,cafes,price$$,Southwest
starbucks-southern-islands,,price$$,Southwest
happy-tummy-singapore-2,desserts,price$,Central
starbucks-singapore-63,,price$$,Northeast
the-chocolate-bar-singapore-2,desserts,price$$$,Central
chopsuey-cafe-singapore-2,cafes,price$$$,Central
chef-icon-nature-bakery-singapore,bakeries,price$,Central
gong-cha-singapore-48,,price$,Central
ya-kun-kaya-toast-singapore-9,bakeries,price$,Central
liquids-cafe-singapore,cafes,price$$,Central
old-habits-singapore,cafes,price$$,Central
toast-singapore,cafes,price$$,Central
cedele-singapore-38,cafes,price$$,Central
liho-tea-singapore-53,juicebars,price$$,Central
the-flying-squirrel-singapore,cafes,price$$$,Central
coalesce-singapore,cafes,price$$$,Southwest
regroup-singapore,cafes,price$$,Central
fine-palate-cafe-singapore,cafes,price$$$,Central
mugiya-singapore,bakeries,price$,Central
crepe-signature-singapore,cafes,price$$,Central
urban-fairways-singapore,cafes,price$$$,Central
ten-rens-tea-singapore,,price$$,Central
artease-singapore-2,,price$,Central
boost-juice-singapore-3,juicebars,price$$,Central
hill-street-coffee-shop-singapore-2,,price$,Central
liho-tea-singapore-117,juicebars,price$$,Central
simplicite-cafe-singapore,icecream,price$$,Southeast
toast-box-singapore-11,cafes,price$$,Central
twg-tea-singapore-3,,price$$,Central
toast-box-esplanade-singapore,,price$$,Central
soon-soon-huat-coffee-shop-singapore,,price$$,Central
graffiti-cafe-singapore-2,cafes,price$$,Southeast
killiney-kopitiam-singapore-9,cafes,price$,Central
earlybird-singapore,cafes,price$$,Central
starbucks-singapore-52,cafes,price$,Central
rabbit-carrot-gun-singapore-2,breakfast_brunch,price$$,Southeast
black-singapore,cafes,price$,Central
boyles-coffee-singapore,coffeeroasteries,price$$,Northwest
365-fruit-juice-and-smoothie-singapore,juicebars,price$$,Central
old-school-delights-singapore-4,cafes,price$$,Central
rafees-corner-singapore,,price$,Central
meng-kitchen-singapore,,price$,Central
salute-casual-dining-singapore,,price$$,Central
double-spout-cafe-singapore,cafes,price$$,Northeast
nanyang-old-coffee-singapore-7,,price$,Southwest
hood-bar-and-cafe-singapore,bars,price$$,Central
cold-storage-singapore-15,,price$$,Central
cocoa-colony-singapore-3,cafes,price$$,Southwest
black-white-tale-singapore,cafes,price$$,Central
starbucks-singapore-118,,price$$,Central
oriental-ice-bistro-singapore,desserts,price$,Central
cafereatt-singapore,,price$$,Central
hup-choon-eating-house-singapore-2,,price$,Northwest
jonkers-nyonya-deli-singapore,cafes,price$$,Central
plus-eight-two-singapore,desserts,price$$,Central
s-city-cafe-singapore,cafes,price$$,Central
ding-tea-singapore,,price$$,Central
hg-106-coffeeshop-singapore,,price$$,Northeast
3838-eating-place-singapore,,price$,Central
wang-café-singapore-12,,price$$,Northwest
starbucks-singapore-106,,price$$,Central
starbucks-pacific-plaza-singapore,,price$,Central
hattendo-cafe-singapore,desserts,price$,Central
gloria-jeans-coffees-singapore-5,cafes,price$$,Central
xinspa-spaworks-singapore,,price$$,Northwest
killiney-kopitiam-singapore-5,breakfast_brunch,price$,Central
little-farms-cafe-singapore,cafes,price$$,Central
rice-and-fries-singapore,cafes,price$$,Southeast
kim-san-leng-coffeeshop-singapore,,price$$,Southeast
the-daily-cut-singapore-3,cafes,price$$,Central
poh-ho-restaurant-singapore,breakfast_brunch,price$,Southeast
the-garden-slug-singapore,cafes,price$$,Southeast
hoshino-coffee-singapore-2,desserts,price$$,Central
sprout-singapore-2,juicebars,price$$,Central
pan-delights-singapore,cafes,price$$,Central
mufiz-cafe-singapore-2,cafes,price$$,Central
ya-kun-kaya-toast-singapore-34,breakfast_brunch,price$$,Central
koi-cafe-singapore-8,,price$$,Central
m-seven-cafe-singapore,cafes,price$$,Central
93-degrees-c-bean-and-leaf-singapore,cafes,price$$,Northwest
old-town-white-coffee-singapore-13,,price$,Southeast
butter-my-buns-singapore,desserts,price$$,Southwest
toa-payoh-lor-1-market-and-food-centre-singapore,,price$,Central
wellsmoocht-singapore-2,desserts,price$$,Central
gram-singapore-2,cafes,price$$,Central
ya-kun-kaya-toast-singapore-24,cafes,price$,Central
typhoon-cafe-singapore,cafes,price$$,Central
segafredo-zanetti-singapore,cafes,price$,Central
fika-singapore,cafes,price$$,Central
plain-vanilla-bakery-singapore-3,breakfast_brunch,price$,Central
marina-food-court-singapore,cafes,price$$,Central
sq11-deli-and-cafe-singapore,cafes,price$$,Central
tanjong-rhu-pau-singapore-2,,price$,Southeast
the-providore-singapore,cafes,price$$$,Central
five-foot-way-coffee-and-juice-bar-singapore,juicebars,price$$,Central
koko-rooloo-singapore,,price$$,Central
the-coffee-bean-and-tea-leaf-singapore-29,,price$$,Central
the-mad-sailors-singapore,cafes,price$$,Central
flagwhite-singapore,desserts,price$$,Southwest
o-coffee-club-singapore-7,,price$$,Central
courtyard-cafe-and-lounge-singapore,cafes,price$$,Central
artisan-boulangerie-co-singapore,bakeries,price$,Central
coastes-singapore,,price$$,Southwest
kumoya-singapore,themedcafes,price$$,Central
ya-kun-singapore,cafes,price$$,Central
ohsumi-singapore,cafes,price$$,Central
ananas-cafe-singapore-6,,price$$,Central
wild-honey-singapore,breakfast_brunch,price$$$,Central
dunkin-donuts-singapore-7,,price$$,Central
amoy-street-food-centre-singapore,,price$,Central
jin-wee-coffee-shop-singapore,,price$$,Southeast
micro-bakery-and-kitchen-singapore-2,breakfast_brunch,price$$,Southeast
grain-traders-singapore-3,breakfast_brunch,price$$,Central
cafe-mondo-singapore,cafes,price$$,Central
burp-kitchen-and-bar-bedok-reservoir-singapore-3,bars,price$$,Northeast
mellvin-coffee-shop-singapore,,price$,Southeast
starbucks-downtown-core,,price$,Central
mr-bean-singapore-3,icecream,price$$,Southwest
eastern-wind-foodhouse-singapore,,price$$,Southeast
starbucks-singapore-42,cafes,price$,Central
chen-suzhen-dessert-singapore,icecream,price$$,Central
auntie-teo-place-local-delights-singapore,cafes,price$$,Central
fun-toast-singapore-4,cafes,price$,Central
coffee-express-2000-singapore-3,,price$,Central
go-go-bambini-singapore,cafes,price$$,Central
starbucks-singapore-137,,price$,Northeast
saintmarc-cafe-singapore,cafes,price$$,Southeast
sunday-folks-singapore,icecream,price$$,Northwest
attap-house-singapore,,price$,Southwest
amber-ember-singapore,cafes,price$$,Northeast
al-barakah-singapore,,price$$,Southeast
kopi-and-tarts-singapore,cafes,price$$,Central
ya-kun-kaya-toast-singapore-19,cafes,price$,Central
katong-yong-tau-foo-singapore,,price$,Southeast
nandos-peri-peri-singapore,cafes,price$$,Central
coffee-bean-and-tea-leaf-singapore-5,,price$$,Central
micro-bakery-and-kitchen-singapore,breakfast_brunch,price$,Central
yamakawa-super-singapore,,price$$,Central
ya-kun-kaya-toast-singapore-26,breakfast_brunch,price$,Southwest
black-singapore-2,cafes,price$$,Central
the-old-malaya-cafe-singapore-2,,price$,Central
fullhouse-signature-singapore,cafes,price$$,Central
starbucks-singapore-25,,price$$,Central
stamping-ground-singapore,cafes,price$,Central
hustle-co-singapore,breakfast_brunch,price$$,Central
fish-soup-at-alexandra-village-singapore,,price$,Central
the-rustic-bistro-singapore,cafes,price$$,Central
yu-kee-duck-rice-singapore-2,,price$$$,Central
project-açai-singapore,juicebars,price$$,Northwest
twg-tea-on-the-bay-singapore,,price$$,Central
sapporo-petit-doughnut-singapore,cafes,price$$,Central
rong-liang-restuarant-singapore,,price$,Southwest
starbucks-singapore-23,,price$,Northwest
sg-rainbow-cafe-singapore,,price$$,Central
dulcet-and-studio-singapore,cafes,price$$,Central
dr-cafe-coffee-singapore,cafes,price$$,Southeast
tuxedo-café-and-pâtisserie-singapore,bakeries,price$,Central
hanis-singapore,bakeries,price$,Central
spices-cafe-singapore,cafes,price$$,Central
63-celsius-singapore,bars,price$$,Central
starbucks-singapore-89,,price$$,Southwest
my-favourite-cafe-singapore,cafes,price$,Central
milksha-singapore,,price$$,Central
the-coffee-bean-and-tea-leaf-singapore-6,,price$$,Central
coffee-club-singapore-5,cafes,price$$,Central
cedele-singapore-23,bakeries,price$,Central
w39-singapore,bakeries,price$$,Southwest
kk-delicacies-singapore,cafes,price$$,Southeast
privé-café-singapore,breakfast_brunch,price$$,Southwest
choupinette-singapore,bakeries,price$$,Northwest
chen-cai-eating-house-singapore,,price$,Central
firebake-singapore,bakeries,price$$$,Southeast
drips-singapore-2,bakeries,price$$,Northwest
twg-tea-salon-and-boutique-singapore-2,cafes,price$$$,Central
gobi-singapore-2,desserts,price$$,Southeast
happenstance-cafe-singapore,cafes,price$$,Central
85-redhill-teochew-fishball-noodles-singapore,cafes,price$,Central
dream-cafe-singapore,icecream,price$$,Central
breadtalk-singapore-33,bakeries,price$,Central
paris-baguette-singapore-5,cafes,price$$,Central
joe-and-the-juice-tanjong-pagar-centre-singapore,juicebars,price$,Central
kraftwich-by-swissbake-singapore,cafes,price$$,Southeast
gong-cha-singapore-2,icecream,price$,Central
o-coffee-club-singapore-6,cafes,price$$,Central
cafe-360-outlet-1-singapore,cafes,price$$,Central
clementi-881-coffee-station-singapore,,price$,Southwest
ke-kou-duck-singapore,cafes,price$$,Central
empire-cafe-singapore,desserts,price$$,Central
streats-asian-cafe-southern-islands,cafes,price$$,Southwest
kith-cafe-singapore-7,breakfast_brunch,price$$,Northwest
naj-restaurant-bugis-singapore,,price$$,Central
rochor-food-town-singapore,cafes,price$$,Central
chatime-singapore-2,,price$$,Central
73-hillcrest-singapore,breakfast_brunch,price$$,Northwest
the-benjamins-singapore,desserts,price$$$,Central
little-house-of-dreams-singapore-2,cafes,price$$,Central
barcook-bakery-singapore-8,bakeries,price$,Central
tiffin-room-singapore,,price$$$$,Central
starbucks-singapore-69,,price$,Central
nya-nya-singapore,cafes,price$$,Central
nanyang-old-coffee-singapore-3,,price$$,Central
bakerzin-united-square-singapore,desserts,price$$,Central
old-airport-road-food-centre-singapore,,price$,Southeast
wang-cafe-singapore-9,cafes,price$$,Central
twenty-grammes-singapore,cafes,price$$,Central
gelato-cottage-singapore,cafes,price$,Central
starbucks-singapore-29,,price$,Southwest
toastbox-singapore-20,,price$$,Central
ng-tong-san-herb-tea-singapore,,price$$,Southeast
duke-bakery-singapore,bakeries,price$$,Central
coftea-marine-parade-market-and-food-centre-singapore,,price$,Southeast
café-by-plain-vanilla-singapore-3,desserts,price$,Central
asian-market-cafe-singapore,cafes,price$$,Central
tcc-the-connoisseur-concerto-singapore-8,,price$$,Central
niche-savoureuse-singapore,cafes,price$$,Central
tai-cheong-bakery-singapore-2,bakeries,price$$,Northwest
cine-cafe-singapore,cafes,price$$,Central
delight-f-and-b-singapore,,price$,Central
mob-cafe-singapore,cafes,price$$,Central
sin-hoi-sai-eating-house-singapore,cafes,price$$,Southeast
golden-cafe-singapore,cafes,price$$,Central
tong-heng-singapore-3,bakeries,price$,Central
cafe-galilee-singapore-2,desserts,price$$,Central
bake-cheese-tart-singapore,desserts,price$$,Central
hainanese-village-centre-singapore,,price$,Northeast
hong-lim-market-and-food-centre-singapore,,price$,Central
starbucks-singapore-130,,price$,Central
asanoya-boulangerie-singapore,bakeries,price$$,Central
baker-and-cook-singapore-7,bakeries,price$$,Northwest
bread-society-singapore-2,bakeries,price$,Central
paul-singapore-3,,price$$,Central
charlie-brown-cafe-singapore-6,cafes,price$$,Central
o-coffee-club-singapore-10,breakfast_brunch,price$$,Central
2good-kitchen-singapore,cafes,price$,Central
tcc-the-connoiseur-concerto-singapore-2,cafes,price$$,Central
the-basic-cafe-singapore,cafes,price$$,Southeast
lana-cake-singapore-3,bakeries,price$$,Northwest
costa-coffee-singapore-6,cafes,price$,Southwest
chin-chin-restaurant-singapore,,price$,Central
gallery-cafe-singapore,cafes,price$$,Central
new-station-snack-bar-singapore,cafes,price$$,Central
professor-brawn-cafe-singapore,cafes,price$,Central
ntuc-fairprice-singapore-60,,price$,Central
maison-kayser-singapore-3,cafes,price$,Central
