alias,price_1,price_2,price_3,price_4,bakeries,bars,breakfast_brunch,cafes,coffee,desserts,icecream,juicebars,sandwiches, Central, Northeast, Northwest, Southeast, Southwest
nylon-coffee-roasters-singapore,1,0,0,0,0,0,0,0,0,0,0,0,0,1,0,0,0,0
five-oars-coffee-roasters-singapore-2,0,1,0,0,0,0,1,0,0,0,0,0,0,1,0,0,0,0
the-wired-monkey-singapore-singapore,1,0,0,0,0,0,0,0,1,0,0,0,0,1,0,0,0,0
glasshouse-singapore,0,1,0,0,0,0,0,0,1,0,0,0,0,1,0,0,0,0
tiong-hoe-specialty-coffee-singapore-3,1,0,0,0,0,0,0,0,0,0,0,0,0,1,0,0,0,0
mellower-coffee-singapore-188967,0,1,0,0,0,0,0,0,1,0,0,0,0,1,0,0,0,0
common-man-coffee-roasters-singapore,0,1,0,0,0,0,0,0,0,0,0,0,0,1,0,0,0,0
craftsmen-specialty-coffee-singapore-4,0,1,0,0,0,0,1,0,1,0,0,1,0,1,0,0,0,0
the-coffee-academics-singapore-3,0,1,0,0,0,0,0,0,1,0,0,0,0,1,0,0,0,0
the-clueless-goat-singapore,1,0,0,0,0,0,1,0,1,0,0,0,0,1,0,0,0,0
jewel-coffee-singapore-3,0,1,0,0,0,0,1,0,1,0,0,0,0,1,0,0,0,0
chye-seng-huat-hardware-singapore,0,1,0,0,0,0,0,0,1,0,0,0,0,1,0,0,0,0
brawn-and-brains-coffee-singapore,0,1,0,0,0,0,0,0,1,0,0,0,1,0,0,0,1,0
tolidos-espresso-nook-singapore-3,0,1,0,0,0,0,1,0,1,0,0,0,0,1,0,0,0,0
coffee-smith-singapore,0,1,0,0,0,0,1,0,1,0,0,0,0,1,0,0,0,0
tiong-bahru-bakery-singapore-4,0,1,0,0,1,0,0,1,0,0,0,0,0,1,0,0,0,0
patisserie-g-singapore,0,1,0,0,0,0,1,0,1,0,0,0,0,1,0,0,0,0
grind-coffee-singapore,0,1,0,0,0,0,0,0,1,0,0,0,0,1,0,0,0,0
awesome-coffee-singapore,1,0,0,0,0,0,0,1,0,0,0,0,0,1,0,0,0,0
sweetspot-singapore-2,0,1,0,0,1,0,0,1,0,0,0,1,0,1,0,0,0,0
brunches-cafe-singapore-3,0,1,0,0,1,0,1,0,1,0,0,0,0,1,0,0,0,0
boyles-coffee-x-cold-brew-bar-singapore,0,1,0,0,0,0,0,0,1,0,0,0,0,1,0,0,0,0
hygge-singapore,1,0,0,0,0,0,0,1,1,1,0,0,0,1,0,0,0,0
bacha-coffee-singapore,0,1,0,0,0,0,0,1,0,0,0,0,0,1,0,0,0,0
candour-coffee-singapore,1,0,0,0,0,0,0,0,1,0,0,0,0,1,0,0,0,0
curious-palette-singapore,0,1,0,0,0,1,0,1,0,0,0,0,0,1,0,0,0,0
apartment-coffee-singapore,0,1,0,0,0,0,0,0,0,0,0,0,0,1,0,0,0,0
two-men-bagel-house-singapore,1,0,0,0,0,0,1,0,0,0,0,0,1,1,0,0,0,0
tiong-bahru-bakery-singapore-3,1,0,0,0,1,0,0,1,0,0,0,0,0,1,0,0,0,0
the-coffee-shot-singapore,0,1,0,0,0,0,0,1,1,0,0,0,0,1,0,0,0,0
bread-and-hearth-singapore,0,1,0,0,1,0,0,0,1,0,0,0,1,1,0,0,0,0
free-the-robot-singapore,1,0,0,0,0,0,0,1,1,0,0,0,0,1,0,0,0,0
asanoya-singapore,1,0,0,0,1,0,0,1,0,0,0,0,0,1,0,0,0,0
arabica-singapore-3,0,1,0,0,0,0,0,0,1,0,0,0,0,1,0,0,0,0
zeppelin-and-co-singapore,0,1,0,0,0,0,0,0,1,0,0,0,0,1,0,0,0,0
geisha-specialty-coffee-singapore,1,0,0,0,0,0,0,1,0,0,0,0,0,1,0,0,0,0
pacamara-boutique-coffee-roasters-singapore,0,1,0,0,1,0,0,0,1,0,0,0,0,1,0,0,0,0
da-paolo-gastronomia-orchard-paragon-singapore,0,1,0,0,0,0,0,0,1,1,0,0,0,1,0,0,0,0
wanna-cuppa-singapore,0,1,0,0,0,0,1,1,0,1,0,0,0,1,0,0,0,0
starbucks-singapore-21,1,0,0,0,0,0,0,0,1,0,0,0,0,1,0,0,0,0
bettr-barista-coffee-academy-singapore,0,1,0,0,0,0,0,0,1,0,0,0,0,0,0,0,1,0
alchemist-singapore,0,1,0,0,0,0,0,0,1,0,0,0,0,1,0,0,0,0
tcc-the-connoisseur-concerto-singapore-13,0,1,0,0,0,0,0,0,1,0,0,0,0,1,0,0,0,0
the-alley-singapore,0,1,0,0,0,0,0,1,0,0,0,0,0,1,0,0,0,0
d-good-cafe-singapore-3,0,1,0,0,0,0,0,1,0,0,0,0,0,1,0,0,0,0
manicurious-singapore,0,1,0,0,0,0,0,0,1,0,0,0,0,1,0,0,0,0
nanyang-old-coffee-singapore,1,0,0,0,0,0,0,0,1,0,0,0,0,1,0,0,0,0
sam-yat-coffee-singapore,1,0,0,0,0,0,1,0,1,1,0,0,0,1,0,0,0,0
killiney-kopitiam-singapore-4,1,0,0,0,0,0,1,0,1,0,0,0,0,1,0,0,0,0
jewel-coffee-at-millenia-walk-singapore,1,0,0,0,0,0,1,0,1,0,0,0,0,1,0,0,0,0
hvala-chijmes-singapore,0,1,0,0,0,0,0,0,1,0,0,0,0,1,0,0,0,0
enchanted-cafe-singapore,0,1,0,0,0,0,0,1,0,0,0,0,0,1,0,0,0,0
builders-cafe-singapore-2,0,1,0,0,0,0,0,1,0,0,0,0,0,0,0,0,1,0
arabica-singapore,0,1,0,0,0,0,0,0,1,0,0,0,0,1,0,0,0,0
the-coffee-academics-singapore,0,0,1,0,0,0,0,0,1,0,0,0,0,1,0,0,0,0
atlas-coffeehouse-singapore,0,1,0,0,0,0,1,0,1,0,0,0,0,0,0,1,0,0
the-autobus-singapore,1,0,0,0,0,0,0,0,0,0,0,0,0,1,0,0,0,0
coffee-lounge-singapore,0,0,1,0,0,0,1,0,0,0,0,0,0,1,0,0,0,0
spinelli-coffee-company-singapore-5,1,0,0,0,0,0,0,0,1,0,0,0,0,1,0,0,0,0
strangers-at-work-singapore,1,0,0,0,0,0,0,0,1,0,0,0,0,1,0,0,0,0
pantler-singapore,0,1,0,0,1,0,0,0,1,1,0,0,0,1,0,0,0,0
the-populus-coffee-and-food-co-singapore,0,1,0,0,0,0,1,0,1,0,0,0,0,1,0,0,0,0
haritts-donuts-and-coffee-singapore,0,1,0,0,0,0,0,0,1,0,0,0,0,1,0,0,0,0
toast-box-singapore-63,0,1,0,0,0,0,0,1,0,0,0,0,0,1,0,0,0,0
the-book-cafe-singapore,0,1,0,0,0,0,0,1,1,1,0,0,0,1,0,0,0,0
tuxedo-singapore,0,1,0,0,0,0,0,1,0,0,0,0,0,1,0,0,0,0
upside-down-coffee-alternatives-singapore,0,1,0,0,0,0,0,0,1,0,0,0,0,1,0,0,0,0
yahava-koffeeworks-singapore,1,0,0,0,0,0,0,1,0,0,0,0,0,1,0,0,0,0
lam-yeo-coffee-powder-fty-singapore,0,1,0,0,0,0,0,0,1,0,0,0,0,1,0,0,0,0
mellower-coffee-singapore,1,0,0,0,0,0,0,1,0,0,0,0,0,1,0,0,0,0
maison-kayser-singapore,0,1,0,0,1,0,0,1,0,0,0,0,0,1,0,0,0,0
joe-and-dough-singapore-5,0,1,0,0,0,0,0,0,1,0,0,0,0,0,0,0,1,0
93-degreesc-coffee-singapore,0,1,0,0,1,0,0,0,1,0,0,0,0,1,0,0,0,0
dutch-colony-coffee-singapore-2,1,0,0,0,0,0,1,0,1,0,0,0,0,1,0,0,0,0
oberstrasse-singapore,1,0,0,0,0,0,1,0,1,0,0,0,0,1,0,0,0,0
doi-chaang-singapore,0,1,0,0,0,0,0,0,1,0,0,0,0,0,0,0,0,1
grids-and-circles-singapore-2,0,1,0,0,0,0,0,1,0,0,0,0,0,1,0,0,0,0
kafe-utu-no-title,0,1,0,0,0,0,0,1,0,0,0,0,0,1,0,0,0,0
carry-on-singapore,0,1,0,0,0,0,0,1,0,0,0,0,0,0,0,0,1,0
the-quarters-singapore,0,1,0,0,0,0,0,1,0,1,0,0,0,1,0,0,0,0
the-social-space-singapore,0,1,0,0,0,0,0,1,0,0,0,0,0,1,0,0,0,0
boomarang-singapore,0,1,0,0,0,1,1,0,0,0,0,0,0,1,0,0,0,0
all-in-singapore,1,0,0,0,0,0,0,1,0,0,1,0,0,1,0,0,0,0
oromo-coffee-singapore,0,1,0,0,0,0,0,0,1,0,0,0,0,1,0,0,0,0
fabcafe-singapore,0,1,0,0,0,0,1,1,1,0,0,0,0,1,0,0,0,0
d-good-cafe-singapore,0,1,0,0,0,0,0,1,0,0,0,0,0,0,0,1,0,0
hill-city-cafe-singapore-2,1,0,0,0,0,0,0,0,1,0,0,0,0,0,0,0,1,0
grain-traders-singapore,0,1,0,0,0,0,0,1,0,0,0,0,0,1,0,0,0,0
lau-pa-sat-singapore-2,1,0,0,0,0,0,0,0,0,0,0,0,0,1,0,0,0,0
o-coffee-club-singapore-4,0,1,0,0,0,0,0,0,1,0,0,0,0,1,0,0,0,0
homeground-coffee-roasters-singapore,0,1,0,0,0,0,0,0,0,0,0,0,0,0,0,0,1,0
chaiholics-singapore-3,0,1,0,0,0,0,0,0,1,0,0,0,0,1,0,0,0,0
toast-box-singapore,1,0,0,0,0,0,0,1,0,0,0,0,0,1,0,0,0,0
my-awesome-cafe-singapore,0,1,0,0,0,0,0,1,0,0,0,0,0,1,0,0,0,0
selfie-coffee-singapore,1,0,0,0,0,0,0,1,0,0,0,0,0,1,0,0,0,0
wa-cafe-singapore,0,1,0,0,0,0,0,0,1,0,0,0,0,1,0,0,0,0
the-house-of-robert-timms-singapore-3,1,0,0,0,0,0,0,1,1,0,0,0,0,1,0,0,0,0
loong-fatt-tau-sar-piah-singapore,1,0,0,0,1,0,0,0,0,0,0,0,0,1,0,0,0,0
double-shot-coffee-singapore,0,1,0,0,0,0,0,0,1,0,0,0,0,1,0,0,0,0
stateland-cafe-singapore,0,1,0,0,0,0,1,1,0,0,0,0,0,1,0,0,0,0
the-new-black-singapore-2,0,1,0,0,0,0,0,0,1,0,0,0,0,1,0,0,0,0
ya-kun-kaya-toast-singapore-42,1,0,0,0,0,0,1,0,1,0,0,0,0,1,0,0,0,0
ten-cafe-singapore,1,0,0,0,0,0,1,0,1,0,0,0,1,1,0,0,0,0
tai-hwa-coffee-stall-singapore,1,0,0,0,0,0,0,0,1,0,0,0,0,1,0,0,0,0
lupicia-singapore,0,1,0,0,0,0,0,0,1,0,0,0,0,1,0,0,0,0
tianns-bakery-singapore,0,1,0,0,1,0,0,0,0,0,0,0,0,1,0,0,0,0
nunsaram-singapore,0,0,0,1,0,0,0,1,0,0,0,0,0,1,0,0,0,0
compound-coffee-co-singapore,0,1,0,0,0,0,0,0,1,0,0,0,0,0,1,0,0,0
craftsmen-specialty-coffee-singapore-3,0,1,0,0,0,0,0,1,0,0,0,0,0,1,0,0,0,0
the-providore-singapore-4,0,1,0,0,0,0,1,0,1,0,0,0,0,1,0,0,0,0
café-mosaic-singapore,0,1,0,0,0,0,0,1,0,0,0,0,0,1,0,0,0,0
beach-road-kitchen-singapore,0,1,0,0,0,0,1,0,0,0,0,0,0,1,0,0,0,0
one-man-coffee-singapore-2,0,1,0,0,0,0,0,0,1,0,0,0,0,0,0,0,0,1
hanis-singapore-2,1,0,0,0,1,0,0,1,0,0,0,0,0,1,0,0,0,0
betjeman-and-barton-singapore,0,1,0,0,0,0,0,0,1,0,0,0,0,1,0,0,0,0
lavender-food-hub-singapore,0,1,0,0,0,0,0,0,1,0,0,0,0,1,0,0,0,0
knots-cafe-and-living-singapore,1,0,0,0,0,0,1,0,1,0,0,0,0,0,0,0,1,0
pies-and-coffee-singapore-5,0,1,0,0,0,0,0,0,1,0,0,0,0,1,0,0,0,0
meomi-cat-cafe-singapore,0,1,0,0,0,0,0,1,1,0,0,0,0,1,0,0,0,0
the-coffee-stop-singapore,1,0,0,0,0,0,0,0,1,0,0,0,0,1,0,0,0,0
toast-box-singapore-8,1,0,0,0,0,0,0,1,0,0,0,0,0,1,0,0,0,0
coffee-bean-and-tea-leaf-singapore-7,0,1,0,0,0,0,0,0,1,0,0,0,0,1,0,0,0,0
o-coffee-club-singapore-9,0,1,0,0,0,0,0,0,1,0,0,0,0,1,0,0,0,0
ya-kun-kaya-toast-singapore-10,1,0,0,0,0,0,0,1,0,0,0,0,0,1,0,0,0,0
the-coffee-bean-and-tea-leaf-beanstro-marina,0,0,1,0,0,0,0,0,1,0,0,0,0,1,0,0,0,0
jewel-coffee-at-great-world-city-singapore,1,0,0,0,0,0,1,0,1,0,0,0,0,1,0,0,0,0
dr-cafe-coffee-singapore-5,0,1,0,0,0,0,0,0,1,0,0,0,0,1,0,0,0,0
black-and-ink-no-title,1,0,0,0,0,0,0,0,1,1,0,0,0,0,0,0,1,0
5-the-moments-cafe-singapore,1,0,0,0,0,0,0,0,1,0,1,0,0,1,0,0,0,0
tsp-coffee-singapore-2,0,1,0,0,0,0,0,1,0,0,0,0,0,1,0,0,0,0
group-therapy-coffee-singapore,0,1,0,0,0,0,1,0,1,0,0,0,0,1,0,0,0,0
joe-and-the-juice-southern-islands,1,0,0,0,0,0,0,1,0,0,0,1,0,0,0,0,0,1
the-coffee-bean-and-tea-leaf-singapore-21,1,0,0,0,0,0,0,1,0,0,0,0,0,1,0,0,0,0
common-man-stan-singapore,0,1,0,0,0,0,0,0,0,0,0,0,0,1,0,0,0,0
percolate-singapore,0,1,0,0,1,0,0,0,1,0,0,0,0,0,0,0,1,0
coffee-bandits-singapore,0,1,0,0,0,0,0,0,1,0,0,0,0,0,0,0,0,1
limaa-singapore,0,1,0,0,0,0,0,1,0,0,0,0,0,1,0,0,0,0
coffee-hut-singapore,1,0,0,0,0,0,0,0,1,0,0,0,0,1,0,0,0,0
keong-saik-bakery-singapore,1,0,0,0,1,0,0,0,0,0,0,0,0,1,0,0,0,0
sprmrkt-singapore-4,0,1,0,0,0,0,0,1,0,0,0,0,0,1,0,0,0,0
jewel-coffee-singapore-8,1,0,0,0,0,0,1,0,1,0,0,0,0,1,0,0,0,0
old-hen-coffee-bar-singapore-2,1,0,0,0,0,0,0,1,0,0,0,0,0,1,0,0,0,0
crossings-cafe-singapore,1,0,0,0,0,0,0,0,1,0,0,0,0,1,0,0,0,0
joan-bowen-the-special-culinary-centre-singapore,0,1,0,0,0,0,0,0,1,1,0,0,0,0,0,0,1,0
baristart-coffee-singapore-no-title-3,0,1,0,0,0,0,0,1,0,0,0,0,0,1,0,0,0,0
the-coffee-bean-and-tea-leaf-singapore-54,0,1,0,0,0,0,0,0,1,0,0,0,0,1,0,0,0,0
got-luck-cafe-singapore,0,1,0,0,0,0,0,0,1,0,0,0,0,1,0,0,0,0
cocoa-colony-singapore,0,1,0,0,0,0,0,0,1,0,1,0,0,1,0,0,0,0
watanabe-coffee-singapore,0,1,0,0,0,0,0,1,0,0,0,0,0,1,0,0,0,0
doi-chaang-singapore-3,0,1,0,0,0,0,0,0,1,0,0,0,0,1,0,0,0,0
dimbulah-singapore-2,1,0,0,0,0,0,0,0,1,0,0,0,0,1,0,0,0,0
gentlebros-cafe-singapore,1,0,0,0,0,0,0,1,1,0,0,0,0,1,0,0,0,0
hoshino-coffee-singapore-4,0,1,0,0,0,0,0,1,0,1,0,0,0,1,0,0,0,0
the-7th-cylinder-singapore,0,1,0,0,1,0,0,0,1,1,0,0,0,1,0,0,0,0
highlander-coffee-singapore,1,0,0,0,0,0,0,1,0,0,0,0,0,1,0,0,0,0
platform-1094-singapore,0,1,0,0,0,0,0,0,0,0,0,0,0,1,0,0,0,0
sinpopo-brand-singapore,0,1,0,0,0,0,0,0,1,0,0,0,0,0,0,0,1,0
laaf-singapore,0,1,0,0,0,0,0,1,0,0,0,0,0,0,0,0,1,0
cafe-crema-singapore,0,1,0,0,0,0,1,0,1,0,0,0,0,1,0,0,0,0
revelry-singapore,0,1,0,0,0,0,0,0,1,0,0,0,0,0,0,0,0,1
two-bakers-cafe-singapore,0,1,0,0,0,0,0,1,0,1,0,0,0,1,0,0,0,0
fawr-and-co-singapore,0,1,0,0,0,0,0,0,1,0,0,0,0,0,0,0,1,0
collective-brewers-singapore,0,1,0,0,0,0,0,1,0,0,0,0,0,0,0,0,1,0
brew-maison-singapore,0,1,0,0,0,0,0,1,1,0,0,0,0,1,0,0,0,0
toast-box-singapore-27,1,0,0,0,0,0,0,1,0,0,0,0,0,1,0,0,0,0
mellower-coffee-singapore-3,0,1,0,0,0,0,0,1,0,0,0,0,0,1,0,0,0,0
wakey-wakey-singapore,0,1,0,0,0,0,0,1,0,0,0,0,0,1,0,0,0,0
starbucks-singapore-103,1,0,0,0,0,0,0,0,1,0,0,0,0,1,0,0,0,0
mix-box-cafe-singapore,1,0,0,0,0,0,0,0,1,0,0,0,0,0,0,0,1,0
ya-kun-kaya-toast-singapore-48,0,1,0,0,0,0,0,0,1,0,0,1,1,1,0,0,0,0
dal-komm-coffee-singapore-3,0,1,0,0,0,0,0,1,0,0,0,0,0,1,0,0,0,0
quan-chin-cafe-singapore,0,1,0,0,0,0,0,0,1,0,0,0,0,1,0,0,0,0
the-coffee-bean-and-tea-leaf-singapore-35,0,1,0,0,0,0,0,0,1,0,0,0,0,1,0,0,0,0
ya-kun-kaya-toast-singapore-22,1,0,0,0,0,0,0,1,0,0,0,0,0,1,0,0,0,0
jewel-coffee-singapore-13,1,0,0,0,0,0,1,0,1,0,0,0,0,1,0,0,0,0
good-morning-nanyang-cafe-singapore-2,1,0,0,0,0,0,0,1,1,0,0,0,0,1,0,0,0,0
la-ristrettos-singapore,0,1,0,0,0,0,0,1,0,0,0,0,0,1,0,0,0,0
the-aftertaste-singapore-2,0,1,0,0,0,0,0,0,1,0,0,0,0,0,0,0,1,0
killiney-singapore-8,0,1,0,0,0,0,0,0,1,0,0,0,0,1,0,0,0,0
baker-and-cook-singapore-10,1,0,0,0,1,0,1,0,1,0,0,0,0,0,0,1,0,0
dot-and-dash-singapore,1,0,0,0,0,0,1,0,1,0,0,0,1,1,0,0,0,0
whisk-cafe-singapore,1,0,0,0,0,0,0,1,0,0,0,0,0,1,0,0,0,0
the-coffee-bean-and-tea-leaf-singapore-38,1,0,0,0,0,0,0,0,1,0,0,0,0,1,0,0,0,0
k88-coffee-house-singapore,1,0,0,0,0,0,0,0,1,0,0,0,0,1,0,0,0,0
bearded-bella-singapore,0,1,0,0,0,0,0,1,0,0,0,0,0,1,0,0,0,0
cafe-nido-singapore,0,1,0,0,0,0,0,1,1,1,0,0,0,1,0,0,0,0
da-paolo-gastronomia-bukit-timah-bukit-timah,0,1,0,0,0,0,0,0,1,1,0,0,0,1,0,0,0,0
momo-cafe-singapore,1,0,0,0,0,0,0,0,1,0,0,0,0,1,0,0,0,0
vickys-singapore-2,0,1,0,0,0,0,0,0,0,0,0,0,0,0,0,1,0,0
wheelers-yard-singapore,0,1,0,0,0,0,0,1,0,0,0,0,0,1,0,0,0,0
nanyang-old-coffee-singapore-6,1,0,0,0,0,0,0,0,1,0,0,0,0,1,0,0,0,0
one-man-coffee-singapore,1,0,0,0,0,0,0,1,0,0,0,0,0,1,0,0,0,0
white-rose-cafe-singapore,0,1,0,0,0,0,0,1,0,0,0,0,0,1,0,0,0,0
rise-and-grind-coffee-co-bukit-timah,0,1,0,0,0,0,0,0,1,0,0,0,0,0,0,1,0,0
ogopogo-singapore,1,0,0,0,0,0,0,0,1,0,0,0,0,1,0,0,0,0
royz-et-vous-singapore,0,1,0,0,0,1,0,0,1,0,0,0,0,1,0,0,0,0
atas-coffee-singapore,0,1,0,0,0,0,0,0,1,0,0,0,0,0,0,0,1,0
mr-teh-tarik-cartel-singapore,1,0,0,0,0,0,0,0,1,0,0,0,0,1,0,0,0,0
kaya-kaya-singapore,1,0,0,0,0,0,0,0,1,0,0,0,0,1,0,0,0,0
local-coffee-people-singapore,1,0,0,0,0,0,0,0,1,0,0,0,0,1,0,0,0,0
spize-singapore-2,0,1,0,0,0,0,0,1,0,0,0,0,0,1,0,0,0,0
neko-no-niwa-singapore,0,1,0,0,0,0,0,1,0,0,0,0,0,1,0,0,0,0
westin-lobby-lounge-singapore,0,1,0,0,0,0,0,0,1,0,0,0,0,1,0,0,0,0
6oz-espresso-bar-singapore,0,1,0,0,0,0,0,0,1,0,0,0,0,1,0,0,0,0
the-tiny-roaster-120106,1,0,0,0,0,0,0,0,0,0,0,0,0,0,0,1,0,0
spinelli-coffee-company-singapore-3,0,1,0,0,0,0,0,0,1,0,0,0,0,1,0,0,0,0
o-coffee-club-singapore-5,0,1,0,0,0,0,0,1,0,0,0,0,0,0,0,0,1,0
ya-kun-kaya-toast-singapore-40,0,1,0,0,0,0,0,0,1,0,1,0,1,1,0,0,0,0
two-men-bagel-house-singapore-4,1,0,0,0,0,0,1,0,0,0,0,0,0,1,0,0,0,0
habitat-coffee-singapore-2,0,1,0,0,0,0,0,1,0,0,0,0,0,1,0,0,0,0
long-black-cafe-singapore,0,0,1,0,0,0,0,0,1,0,0,0,0,0,0,0,0,1
laurent-bernard-chocolatier-singapore,0,1,0,0,0,0,0,0,1,1,0,0,0,1,0,0,0,0
jewel-coffee-singapore-12,0,1,0,0,0,0,0,0,1,0,0,0,0,1,0,0,0,0
glyph-singapore-2,0,1,0,0,0,0,0,0,0,0,0,0,0,1,0,0,0,0
the-malayan-council-singapore-2,0,1,0,0,0,0,0,1,0,0,0,0,0,1,0,0,0,0
the-lobby-lounge-singapore,0,1,0,0,0,0,0,0,1,0,0,0,0,1,0,0,0,0
starbucks-singapore-26,0,1,0,0,0,0,0,0,1,0,0,0,0,0,0,0,0,1
icebox-cafe-singapore,0,1,0,0,0,0,0,1,0,1,0,0,0,1,0,0,0,0
ya-kun-kaya-toast-singapore,0,1,0,0,0,0,0,0,1,0,0,0,0,1,0,0,0,0
escape-restaurant-and-lounge-singapore,0,1,0,0,0,0,0,1,0,0,0,0,0,1,0,0,0,0
the-marmalade-pantry-singapore-5,0,1,0,0,0,0,1,0,1,0,0,1,0,1,0,0,0,0
oriole-coffee-bar-singapore-2,0,1,0,0,0,1,0,1,0,0,0,0,0,1,0,0,0,0
jab-bistro-bar-downtown-core-2,0,1,0,0,0,0,0,1,0,0,0,0,0,1,0,0,0,0
qita-in-the-park-singapore,0,1,0,0,0,0,0,0,1,0,0,0,0,1,0,0,0,0
dimbulah-singapore-9,1,0,0,0,0,0,1,0,1,0,0,0,0,1,0,0,0,0
professor-brawn-cafe-singapore-2,0,1,0,0,0,0,0,1,0,0,0,0,0,1,0,0,0,0
mays-kopi-bar-singapore,0,1,0,0,0,0,0,1,0,0,0,0,0,0,0,1,0,0
1983-a-taste-of-nanyang-singapore-2,1,0,0,0,0,0,0,0,1,0,0,0,0,0,0,0,1,0
l-atelier-tiramisu-singapore,1,0,0,0,1,0,0,0,0,0,0,0,0,1,0,0,0,0
singapore-swimming-club-singapore,0,0,1,0,0,0,0,1,0,0,0,0,0,0,0,0,1,0
dawn-singapore,0,1,0,0,0,0,0,0,1,0,0,0,0,1,0,0,0,0
central-perk-cafe-singapore,1,0,0,0,0,0,0,0,0,0,0,0,0,1,0,0,0,0
ya-kun-kaya-toast-singapore-44,1,0,0,0,0,0,0,0,1,0,0,1,1,1,0,0,0,0
crazy-world-cafe-singapore,0,1,0,0,0,0,0,1,0,0,0,0,0,1,0,0,0,0
bundt-by-the-backyard-bakers-singapore,1,0,0,0,1,0,0,0,0,0,0,0,0,1,0,0,0,0
creamier-handcrafted-ice-cream-and-coffee-singapore-2,0,1,0,0,0,0,0,0,1,0,1,0,0,1,0,0,0,0
baker-and-cook-singapore-4,0,1,0,0,1,0,0,0,1,0,0,0,0,1,0,0,0,0
sunnyhills-singapore,0,1,0,0,1,0,0,0,1,0,0,0,0,1,0,0,0,0
geometry-singapore,0,1,0,0,0,0,0,0,1,1,1,0,0,1,0,0,0,0
woobbee-singapore,0,1,0,0,0,0,0,0,1,0,0,0,0,1,0,0,0,0
lunar-coffee-brewers-singapore,1,0,0,0,0,0,1,0,1,0,0,0,0,1,0,0,0,0
open-farm-community-singapore,0,0,1,0,0,0,0,0,0,0,0,0,0,1,0,0,0,0
craftsmen-specialty-coffee-singapore-5,0,1,0,0,0,0,1,0,1,0,0,0,0,0,0,1,0,0
jamaica-blue-singapore-2,0,1,0,0,0,0,0,1,1,0,0,0,0,1,0,0,0,0
starbucks-singapore-92,0,1,0,0,0,0,0,0,1,0,0,0,0,1,0,0,0,0
ya-kun-kaya-toast-singapore-32,1,0,0,0,0,0,0,0,1,0,0,1,1,1,0,0,0,0
ya-kun-kaya-toast-singapore-13,1,0,0,0,0,0,0,0,1,0,0,0,0,1,0,0,0,0
pacific-coffee-singapore-4,0,1,0,0,0,0,0,0,1,0,0,0,0,1,0,0,0,0
beanstro-singapore,0,0,1,0,0,0,1,1,1,0,0,0,0,1,0,0,0,0
the-muffinry-bakery-and-cafe-singapore,0,1,0,0,1,0,0,0,1,0,0,0,0,1,0,0,0,0
grasso-coffee-singapore-2,0,1,0,0,0,0,0,1,0,0,0,0,0,0,0,0,1,0
shrove-tuesday-singapore,0,1,0,0,0,0,0,0,1,0,0,0,0,1,0,0,0,0
starbucks-singapore-66,1,0,0,0,0,0,0,0,1,0,0,0,0,1,0,0,0,0
joe-and-dough-singapore-4,1,0,0,0,0,0,0,0,1,0,0,0,0,1,0,0,0,0
bakers-13-singapore,1,0,0,0,1,0,0,0,0,1,0,0,0,0,0,0,1,0
the-bravery-cafe-singapore,0,1,0,0,0,0,0,0,1,0,0,0,0,1,0,0,0,0
strangers-reunion-singapore,0,1,0,0,0,0,0,1,1,0,0,0,0,1,0,0,0,0
foong-kee-coffee-shop-singapore,1,0,0,0,0,0,0,0,1,0,0,0,0,1,0,0,0,0
violet-oons-kitchen-singapore,0,1,0,0,0,0,1,1,0,0,0,0,0,0,0,1,0,0
killiney-kopitiam-newton-singapore,0,0,1,0,0,0,1,1,1,0,0,0,0,1,0,0,0,0
smør-singapore,0,1,0,0,0,0,0,1,0,0,0,0,0,0,0,0,0,1
symmetry-singapore,0,0,1,0,0,0,0,1,0,0,0,0,0,1,0,0,0,0
espressoul-singapore-2,0,1,0,0,0,0,0,0,1,0,0,0,0,1,0,0,0,0
tullys-coffee-singapore,0,1,0,0,0,0,0,0,1,0,0,0,0,1,0,0,0,0
workshop-no-title-2,1,0,0,0,0,0,0,0,1,0,0,0,0,1,0,0,0,0
stamping-ground-singapore-2,0,1,0,0,0,0,0,0,1,0,0,0,0,0,0,0,1,0
jewel-coffee-singapore-11,0,1,0,0,0,0,0,0,1,0,0,0,0,0,0,0,0,1
café-kapok-singapore,0,1,0,0,0,0,1,1,0,0,0,0,0,1,0,0,0,0
soi-55-singapore-2,0,1,0,0,0,0,0,0,1,0,0,0,0,1,0,0,0,0
creamier-singapore-2,0,1,0,0,0,0,0,0,1,1,1,0,0,0,0,0,0,1
spinelli-coffee-company-singapore,0,1,0,0,0,0,0,0,1,0,0,0,0,1,0,0,0,0
le-kue-singapore,0,1,0,0,0,0,0,0,1,0,0,0,0,1,0,0,0,0
mean-bean-and-wicked-grind-singapore,0,1,0,0,0,0,0,1,0,0,0,0,0,1,0,0,0,0
play-nation-singapore,0,1,0,0,0,0,0,1,0,0,0,0,0,1,0,0,0,0
blocs-singapore,0,1,0,0,0,0,0,0,1,0,0,0,0,0,0,0,1,0
jones-the-grocer-singapore-3,0,0,1,0,0,0,1,0,1,0,0,0,0,1,0,0,0,0
old-town-white-coffee-singapore-10,0,1,0,0,0,0,0,0,1,0,0,0,0,0,0,0,1,0
the-hangar-singapore,0,1,0,0,0,0,1,0,1,0,0,0,0,1,0,0,0,0
afterwit-singapore-2,0,1,0,0,0,0,0,1,0,0,0,0,0,1,0,0,0,0
fanny-singapore,0,1,0,0,0,0,0,0,1,0,1,0,0,0,0,0,1,0
da-paolo-gastronomia-marina-bay-sands-singapore,0,1,0,0,0,0,0,0,1,1,0,0,0,1,0,0,0,0
tobys-estate-singapore,0,1,0,0,0,0,1,0,1,0,0,0,0,1,0,0,0,0
dal-komm-coffee-singapore,0,1,0,0,0,0,0,0,1,0,0,1,0,1,0,0,0,0
caffe-vergnano-1882-singapore-3,0,1,0,0,0,0,0,1,0,0,0,0,0,1,0,0,0,0
yogart-singapore,0,1,0,0,0,0,0,1,0,0,0,0,0,1,0,0,0,0
columbus-coffee-co-singapore,0,1,0,0,0,0,0,1,0,0,0,0,0,1,0,0,0,0
jewel-coffee-singapore-7,1,0,0,0,0,0,1,0,1,0,0,0,1,1,0,0,0,0
olivia-and-co-singapore-2,0,1,0,0,0,0,1,0,1,0,0,0,0,1,0,0,0,0
botany-singapore,0,1,0,0,0,0,0,1,0,0,0,0,0,1,0,0,0,0
characters-cafe-singapore-2,0,1,0,0,0,0,0,1,0,0,0,0,0,1,0,0,0,0
the-marshmallow-tree-singapore,1,0,0,0,0,0,0,1,1,1,0,0,0,0,0,0,0,1
da-paolo-gastronomia-holland-village-singapore-2,0,1,0,0,0,0,0,0,0,0,0,0,0,0,0,1,0,0
starbucks-singapore-37,1,0,0,0,0,0,0,0,1,0,0,0,0,1,0,0,0,0
toast-box-singapore-54,1,0,0,0,0,0,0,1,0,0,0,0,0,1,0,0,0,0
killiney-kopitiam-singapore-11,1,0,0,0,0,0,1,0,1,0,0,0,0,1,0,0,0,0
kith-cafe-singapore-3,0,1,0,0,0,0,1,0,1,0,0,0,0,1,0,0,0,0
memo-café-singapore,0,1,0,0,0,0,0,1,1,0,0,0,0,1,0,0,0,0
harrys-bar-singapore-2,0,0,0,1,0,1,0,0,1,0,0,0,0,1,0,0,0,0
starbucks-singapore-24,0,1,0,0,0,0,0,0,1,0,0,0,0,1,0,0,0,0
20-grams-speciality-coffee-singapore,0,1,0,0,0,0,0,0,1,0,0,0,0,0,0,0,1,0
reload-singapore,0,1,0,0,0,0,0,0,1,0,0,0,0,1,0,0,0,0
little-oasis-singapore,0,1,0,0,0,0,0,0,1,0,0,0,0,1,0,0,0,0
the-cat-cafe-singapore-2,0,1,0,0,0,0,0,1,0,0,0,0,0,1,0,0,0,0
olivia-and-co-singapore,0,1,0,0,0,0,1,0,1,0,0,0,0,0,1,0,0,0
waterfall-cafe-singapore,0,0,0,1,0,0,0,1,0,0,0,0,0,1,0,0,0,0
toast-box-singapore-53,1,0,0,0,0,0,0,1,0,0,0,0,0,1,0,0,0,0
the-milky-way-singapore,0,1,0,0,0,0,0,0,1,1,1,0,0,1,0,0,0,0
koi-cafe-singapore-2,1,0,0,0,0,0,0,1,0,0,0,0,0,1,0,0,0,0
drury-lane-singapore,0,1,0,0,0,0,1,0,1,0,0,0,0,1,0,0,0,0
baker-and-cook-singapore,0,1,0,0,1,0,0,0,0,0,0,0,0,0,0,1,0,0
jimmy-monkey-cafe-and-bar-singapore,0,1,0,0,0,0,0,1,0,0,0,0,0,0,0,0,0,1
cafe-salivation-singapore,0,1,0,0,0,0,0,1,0,0,0,0,0,1,0,0,0,0
the-matcha-project-singapore,0,1,0,0,0,0,0,0,1,1,0,0,0,1,0,0,0,0
baker-and-cook-singapore-12,0,1,0,0,1,0,0,1,0,0,0,0,0,1,0,0,0,0
sixth-cafelink-singapore,1,0,0,0,0,0,0,0,1,0,0,0,0,0,0,1,0,0
sarnies-singapore,0,1,0,0,0,0,0,1,0,0,0,0,1,1,0,0,0,0
tcc-singapore-2,0,1,0,0,0,0,0,0,1,0,0,0,0,1,0,0,0,0
plain-vanilla-bakery-singapore-2,1,0,0,0,1,0,0,0,0,0,0,0,1,1,0,0,0,0
starbucks-singapore-140,0,1,0,0,0,0,0,0,1,0,0,0,0,1,0,0,0,0
old-tea-hut-singapore,1,0,0,0,0,0,0,0,1,0,0,0,0,1,0,0,0,0
stray-by-fatcat-singapore,1,0,0,0,0,0,0,0,1,0,0,0,0,1,0,0,0,0
oriole-coffee-bar-neue,0,1,0,0,0,1,0,1,0,0,0,0,0,1,0,0,0,0
guac-and-go-singapore,0,1,0,0,0,0,0,0,1,0,0,1,0,1,0,0,0,0
chocolate-mark-singapore,0,1,0,0,0,0,0,0,1,0,0,0,0,1,0,0,0,0
my-melody-cafe-singapore-singapore,0,1,0,0,0,0,0,1,0,0,0,0,0,1,0,0,0,0
the-company-of-cats-singapore,1,0,0,0,0,0,0,1,0,0,0,0,0,1,0,0,0,0
plain-jane-singapore-2,1,0,0,0,0,0,0,1,0,0,0,0,0,0,0,0,1,0
lolas-cafe-singapore,0,1,0,0,0,0,1,1,0,0,0,0,0,0,1,0,0,0
toast-box-singapore-10,0,1,0,0,0,0,0,1,0,0,0,0,0,1,0,0,0,0
mother-dough-singapore,0,1,0,0,1,0,0,0,1,0,0,0,0,1,0,0,0,0
kagurazaka-saryo-singapore,0,1,0,0,0,0,0,0,1,1,0,0,0,1,0,0,0,0
da-paolo-dempsey-singapore-2,1,0,0,0,1,0,0,1,0,0,0,0,0,1,0,0,0,0
tiong-bahru-bakery-singapore,0,1,0,0,1,0,0,1,0,0,0,0,0,1,0,0,0,0
rich-and-good-cake-shop-singapore,1,0,0,0,0,0,0,0,0,1,0,0,0,1,0,0,0,0
toast-box-singapore-23,1,0,0,0,0,0,1,1,0,0,0,0,0,1,0,0,0,0
dolcetto-by-basilico-singapore,0,0,0,1,1,0,0,0,0,0,0,0,0,1,0,0,0,0
dutch-colony-coffee-singapore,0,1,0,0,0,0,0,0,1,0,0,0,0,0,0,0,1,0
punch-singapore,0,1,0,0,0,0,0,1,0,1,0,0,0,1,0,0,0,0
one28-singapore,0,0,1,0,0,0,0,0,1,0,0,0,0,1,0,0,0,0
makko-teck-neo-singapore,0,1,0,0,0,0,0,1,0,0,0,0,0,1,0,0,0,0
baker-and-cook-singapore-5,0,1,0,0,1,0,0,0,1,0,0,0,0,0,0,0,1,0
boufe-boutique-cafe-singapore,0,1,0,0,1,0,0,1,0,1,0,0,0,1,0,0,0,0
craftsmen-specialty-coffee-singapore,0,1,0,0,0,0,1,0,1,0,0,1,0,0,0,0,1,0
cawaii-koohii-singapore,0,1,0,0,0,0,0,0,1,0,0,0,0,1,0,0,0,0
huggs-coffee-singapore-2,0,1,0,0,0,0,0,0,1,0,0,0,0,0,0,0,1,0
caffe-beviamo-tanglin-mall-singapore,1,0,0,0,0,0,0,1,0,0,0,0,0,1,0,0,0,0
the-marmalade-pantry-singapore-4,0,1,0,0,0,0,1,0,0,0,0,0,1,1,0,0,0,0
valle-bar-cafe-singapore,0,1,0,0,0,0,0,1,0,0,0,0,0,0,0,1,0,0
2am-dessert-bar-singapore,0,0,1,0,0,1,0,0,1,1,0,0,0,0,0,1,0,0
the-bao-makers-singapore,0,1,0,0,0,0,0,1,0,0,0,0,0,1,0,0,0,0
black-fairy-coffee-singapore,0,1,0,0,0,0,0,1,0,0,0,0,0,1,0,0,0,0
walking-on-sunshine-cafe-singapore,0,1,0,0,0,0,1,0,1,0,0,0,0,1,0,0,0,0
toast-box-no-title-4,1,0,0,0,0,0,0,1,0,0,0,0,0,1,0,0,0,0
bungy-bar-singapore,0,1,0,0,0,0,0,1,0,0,0,0,0,1,0,0,0,0
commune-singapore,0,1,0,0,0,0,0,1,0,0,0,0,0,1,0,0,0,0
moly-cafe-singapore,1,0,0,0,0,0,0,1,1,0,0,0,0,1,0,0,0,0
cozy-corner-coffee-singapore,0,1,0,0,0,0,0,0,1,0,0,0,0,1,0,0,0,0
living-cafe-and-deli-singapore,0,1,0,0,0,0,0,0,1,0,0,0,0,0,0,1,0,0
pek-kio-market-and-food-centre-singapore,1,0,0,0,0,0,1,0,1,0,0,0,0,1,0,0,0,0
the-lokal-singapore,0,1,0,0,0,0,1,1,0,0,0,0,0,1,0,0,0,0
le-jardin-singapore,0,1,0,0,0,0,0,1,0,0,0,0,0,1,0,0,0,0
food-for-thought-singapore,0,1,0,0,0,0,1,0,0,0,0,0,0,1,0,0,0,0
jewel-coffee-singapore-15,0,1,0,0,0,0,1,0,1,0,0,0,0,1,0,0,0,0
ladurée-singapore,0,0,0,1,0,0,0,0,0,1,0,0,0,1,0,0,0,0
the-coffee-bean-and-tea-leaf-singapore-56,0,1,0,0,0,0,0,0,1,0,0,0,0,0,0,0,1,0
koi-cafe-singapore,0,1,0,0,0,0,0,0,1,0,0,0,0,1,0,0,0,0
starbucks-singapore-47,0,1,0,0,0,0,0,0,1,0,0,0,0,1,0,0,0,0
espressivo-cafe-singapore,1,0,0,0,0,0,0,1,0,0,0,0,0,1,0,0,0,0
brill-singapore,0,1,0,0,0,0,1,1,1,0,0,0,0,1,0,0,0,0
kith-cafe-singapore-6,1,0,0,0,0,0,1,0,1,0,0,0,1,1,0,0,0,0
starbucks-singapore-91,1,0,0,0,0,0,0,0,1,0,0,0,0,1,0,0,0,0
the-cup-rice-and-noodle-singapore,0,1,0,0,0,0,0,1,0,1,0,0,0,1,0,0,0,0
don-don-donki-singapore-4,0,1,0,0,0,0,0,0,0,0,0,0,0,1,0,0,0,0
the-gourmet-food-co-singapore,0,1,0,0,0,0,0,0,1,0,0,0,0,1,0,0,0,0
hoshino-coffee-singapore-7,0,1,0,0,0,0,0,1,0,1,0,0,0,0,0,1,0,0
toast-box-singapore-22,1,0,0,0,0,0,0,1,0,0,0,0,0,1,0,0,0,0
the-dog-and-bone-cafe-singapore-2,0,1,0,0,0,0,0,1,0,0,0,0,0,0,0,0,1,0
the-flame-cafe-singapore,0,1,0,0,0,0,0,1,0,0,0,0,0,0,0,0,1,0
simply-bread-singapore-3,0,1,0,0,1,0,0,0,0,0,0,0,0,0,0,1,0,0
238-coffee-stall-singapore,1,0,0,0,0,0,0,0,0,0,0,0,0,1,0,0,0,0
fun-toast-singapore-7,1,0,0,0,0,0,0,0,1,0,0,0,0,1,0,0,0,0
huggs-coffee-gb-building-singapore,0,1,0,0,0,0,0,0,1,0,0,0,0,1,0,0,0,0
avenue-cafe-singapore,0,1,0,0,0,0,0,0,1,0,0,0,0,0,0,0,1,0
epicurious-singapore-2,1,0,0,0,0,0,1,0,1,0,0,0,0,1,0,0,0,0
starbucks-singapore-129,0,1,0,0,0,0,0,0,1,0,0,0,0,1,0,0,0,0
chettynad-curry-palace-singapore,1,0,0,0,0,0,0,0,0,0,0,0,0,1,0,0,0,0
twg-tea-at-swissotel-the-stamford-singapore,0,1,0,0,0,0,0,0,1,0,0,0,0,1,0,0,0,0
little-farms-singapore,0,1,0,0,0,0,0,0,0,0,0,0,0,1,0,0,0,0
coffee-nowhere-singapore-3,0,1,0,0,0,0,0,0,1,0,0,0,0,0,0,0,0,1
flock-café-singapore,0,1,0,0,0,0,1,1,0,1,0,0,0,1,0,0,0,0
house-of-commons-singapore,0,1,0,0,0,0,1,0,1,0,0,0,0,1,0,0,0,0
the-coffee-bean-and-tea-leaf-singapore-9,0,1,0,0,0,0,0,0,1,0,0,0,0,1,0,0,0,0
black-barista-coffee-world-singapore,0,1,0,0,0,0,0,0,0,0,0,0,0,1,0,0,0,0
paddy-hills-singapore,0,0,1,0,0,0,1,1,0,0,0,0,0,0,0,0,0,1
kopitiam-singapore-8,1,0,0,0,0,0,0,0,1,0,0,0,0,1,0,0,0,0
the-coconut-club-singapore,0,1,0,0,0,0,0,0,0,0,0,0,0,1,0,0,0,0
the-good-boys-juice-and-coffee-bar-singapore,0,1,0,0,0,0,0,1,0,0,0,1,0,0,0,0,1,0
crown-bakery-and-cafe-singapore,0,1,0,0,1,0,0,0,1,0,0,0,0,0,0,1,0,0
tuk-tuk-cha-singapore-2,0,1,0,0,0,0,0,1,0,0,0,0,0,1,0,0,0,0
ps-cafe-singapore-8,0,0,1,0,0,1,0,1,0,0,0,0,0,1,0,0,0,0
coffee-hive-singapore-5,0,1,0,0,0,0,0,1,1,0,0,0,0,1,0,0,0,0
the-alley-luxe-singapore,0,1,0,0,0,0,0,1,0,0,0,0,0,1,0,0,0,0
suzette-singapore,1,0,0,0,0,0,0,1,0,0,0,0,0,1,0,0,0,0
le-cafe-confectionery-and-pastry-singapore,1,0,0,0,1,0,0,0,0,0,0,0,0,1,0,0,0,0
cafe-insadong-singapore,0,1,0,0,0,0,0,1,0,0,0,0,0,1,0,0,0,0
mr-teh-tarik-eating-house-singapore-5,0,1,0,0,0,0,0,1,0,0,0,0,0,0,0,0,1,0
toast-box-singapore-49,1,0,0,0,0,0,1,0,1,0,0,0,0,1,0,0,0,0
tantric-bar-and-may-wongs-cafe-singapore-2,0,1,0,0,0,0,0,1,0,0,0,0,0,1,0,0,0,0
mushroom-cafe-singapore,0,1,0,0,0,0,0,1,0,0,0,0,0,1,0,0,0,0
flee-away-cafe-singapore,0,1,0,0,0,0,0,1,0,0,0,0,0,1,0,0,0,0
coffee-and-toast-singapore,1,0,0,0,0,0,0,1,1,0,0,0,0,1,0,0,0,0
joe-and-dough-singapore-6,1,0,0,0,0,0,0,1,1,0,0,0,0,1,0,0,0,0
wang-cafe-singapore-10,0,1,0,0,0,0,0,1,0,0,0,0,0,1,0,0,0,0
flor-patisserie-singapore,0,1,0,0,1,0,0,0,0,1,0,0,0,1,0,0,0,0
the-assembly-ground-singapore,0,1,0,0,0,0,0,0,1,0,0,0,0,1,0,0,0,0
botanist-singapore,0,1,0,0,0,0,0,1,0,0,0,0,0,1,0,0,0,0
the-coffee-bean-and-tea-leaf-singapore-51,1,0,0,0,0,0,0,0,1,0,0,0,0,0,0,0,0,1
toast-box-singapore-24,1,0,0,0,0,0,0,1,0,0,0,0,0,1,0,0,0,0
ultra-bake-singapore-4,0,1,0,0,1,0,0,0,1,0,0,0,0,1,0,0,0,0
va-va-voom-cafe-singapore,1,0,0,0,0,0,0,1,0,0,0,0,0,1,0,0,0,0
simply-bread-singapore-2,0,1,0,0,0,0,1,0,0,0,0,0,0,1,0,0,0,0
the-affogato-bar-singapore,0,1,0,0,0,0,0,0,1,1,1,0,0,1,0,0,0,0
flavour-flings-singapore,0,1,0,0,0,0,0,1,0,0,0,0,0,0,1,0,0,0
kara-cafe-and-dessert-bar-singapore,1,0,0,0,0,0,0,0,1,1,1,0,0,0,0,1,0,0
2nd-mini-steamboat-delight-singapore,0,1,0,0,0,0,0,1,0,0,0,0,0,1,0,0,0,0
hill-street-coffee-shop-singapore,0,1,0,0,0,0,1,0,0,0,0,0,0,1,0,0,0,0
muzium-cafe-singapore,0,1,0,0,0,0,0,1,0,0,0,0,0,1,0,0,0,0
henri-charpentier-singapore-3,0,0,1,0,1,0,0,0,0,1,0,0,0,1,0,0,0,0
butterknife-folk-singapore,1,0,0,0,0,0,0,0,1,0,1,0,0,1,0,0,0,0
humble-origins-cafe-queenstown,0,1,0,0,0,0,0,1,0,0,0,0,0,0,0,0,0,1
trung-nguyen-cafe-downtown-core,0,1,0,0,0,0,0,0,1,0,0,0,0,1,0,0,0,0
the-coffee-bean-and-tea-leaf-singapore-24,0,1,0,0,0,0,0,0,1,0,0,0,0,0,0,1,0,0
gong-cha-no-title-2,1,0,0,0,0,0,0,0,1,0,0,0,0,1,0,0,0,0
arabica-singapore-4,0,1,0,0,0,0,0,1,0,0,0,0,0,0,0,1,0,0
artisan-boulangerie-co-singapore-4,0,1,0,0,1,0,0,0,0,0,0,0,0,1,0,0,0,0
the-fabulous-baker-boy-singapore,0,1,0,0,1,0,0,1,1,0,0,0,0,1,0,0,0,0
ppp-coffee-singapore,0,1,0,0,0,0,1,1,0,0,0,0,0,1,0,0,0,0
qs269-singapore,1,0,0,0,0,0,0,1,1,0,0,0,0,1,0,0,0,0
starbucks-singapore-121,0,1,0,0,0,0,0,0,1,0,0,0,0,1,0,0,0,0
j-co-donuts-and-coffee-singapore,0,1,0,0,1,0,0,0,1,0,0,0,0,1,0,0,0,0
pru-cafe-singapore,0,1,0,0,0,0,1,1,0,0,0,0,0,1,0,0,0,0
starbucks-singapore-93,0,1,0,0,0,0,0,0,1,0,0,0,0,1,0,0,0,0
open-book-cafe-singapore,1,0,0,0,0,0,0,1,0,0,0,0,0,1,0,0,0,0
the-reading-room-singapore,0,1,0,0,0,1,0,1,0,0,0,0,0,1,0,0,0,0
the-disgruntled-chef-singapore,0,0,1,0,0,0,1,0,0,0,0,0,0,1,0,0,0,0
gofre-singapore,1,0,0,0,0,0,0,1,0,0,0,0,0,1,0,0,0,0
kotobuki-coffee-singapore-2,0,1,0,0,0,0,0,1,0,0,0,0,0,1,0,0,0,0
esette-singapore-2,0,1,0,0,0,0,1,1,0,0,0,0,0,1,0,0,0,0
the-coffee-bean-and-tea-leaf-singapore-64,0,1,0,0,0,0,0,0,1,0,0,0,0,0,0,0,1,0
starbucks-coffee-singapore-8,0,1,0,0,0,0,0,0,1,0,0,0,0,0,0,0,1,0
joe-and-dough-singapore-10,0,1,0,0,1,0,0,0,1,0,0,0,1,1,0,0,0,0
lim-beng-coffee-house-singapore-2,0,1,0,0,0,0,0,0,1,0,0,0,0,0,0,0,1,0
milkissimo-singapore,1,0,0,0,0,0,0,0,1,0,0,0,0,0,0,0,1,0
toastbox-singapore-9,1,0,0,0,0,0,0,1,1,0,0,0,0,0,0,0,1,0
kitchen-by-food-rebel-singapore,0,1,0,0,0,0,1,0,0,0,0,0,1,1,0,0,0,0
group-therapy-cafe-singapore,0,1,0,0,0,0,1,1,1,0,0,0,0,0,0,0,1,0
moonstone-a-s-m-singapore,0,1,0,0,0,0,1,0,0,0,0,0,0,1,0,0,0,0
andiamo-gelateria-singapore,0,1,0,0,0,0,0,0,1,0,0,0,0,1,0,0,0,0
twenty-eight-cafe-singapore,0,1,0,0,0,0,0,1,0,0,0,0,0,1,0,0,0,0
froth-singapore,0,1,0,0,0,0,0,1,0,0,0,0,0,1,0,0,0,0
the-basement-cafe-singapore,0,1,0,0,0,0,0,1,0,0,0,0,0,1,0,0,0,0
raffles-place-bistro-singapore,0,1,0,0,0,0,0,1,0,0,0,0,0,1,0,0,0,0
eat-me-singapore-2,1,0,0,0,0,0,1,0,1,0,0,0,0,1,0,0,0,0
kith-cafe-singapore,0,1,0,0,0,0,1,0,1,0,0,0,1,1,0,0,0,0
hoshino-coffee-singapore-6,0,1,0,0,0,0,0,1,0,1,0,0,0,1,0,0,0,0
crossroads-café-singapore-2,0,0,1,0,0,0,0,1,0,0,0,0,0,1,0,0,0,0
alchemist-singapore-2,0,1,0,0,0,0,0,0,1,0,0,0,0,0,0,0,1,0
wang-cafe-singapore-14,1,0,0,0,0,0,0,1,0,0,0,0,0,1,0,0,0,0
the-tiong-bahru-club-singapore,0,1,0,0,0,1,0,1,0,0,0,0,0,1,0,0,0,0
bluemist-singapore,1,0,0,0,0,0,0,1,0,0,0,0,0,1,0,0,0,0
toms-palette-singapore,1,0,0,0,0,0,0,0,0,0,1,0,0,1,0,0,0,0
bees-knees-singapore,0,1,0,0,0,0,1,1,0,0,0,0,0,1,0,0,0,0
y-cafe-singapore,0,1,0,0,0,0,0,1,0,0,0,0,0,1,0,0,0,0
summerlong-singapore,0,1,0,0,0,0,1,0,1,0,0,0,0,1,0,0,0,0
sun-ray-cafe-singapore,0,1,0,0,0,0,0,1,0,0,0,0,0,0,0,0,1,0
letao-singapore,1,0,0,0,1,0,0,0,0,0,0,0,0,1,0,0,0,0
sin-lai-lai-snack-house-singapore-2,0,1,0,0,0,0,0,1,0,0,0,0,0,1,0,0,0,0
bobs-bar-singapore,0,1,0,0,0,1,0,1,0,1,0,0,0,0,0,0,0,1
ps-cafe-petit-singapore,0,1,0,0,0,0,0,1,0,0,0,0,0,1,0,0,0,0
the-dough-shoppe-singapore,0,1,0,0,1,0,0,1,0,0,0,0,0,1,0,0,0,0
raffles-city-market-place-singapore,0,1,0,0,0,0,0,0,0,0,0,0,0,1,0,0,0,0
dc-comics-super-heroes-cafe-singapore,0,1,0,0,0,0,0,0,0,0,0,0,0,1,0,0,0,0
lowercase-singapore,0,1,0,0,0,0,0,1,0,0,0,0,0,1,0,0,0,0
mays-kafe-singapore-2,0,1,0,0,0,0,0,1,0,0,0,0,0,0,0,0,0,1
okada-coffee-singapore,0,1,0,0,0,0,0,0,1,0,0,0,0,1,0,0,0,0
bakery-and-bar-st-marc-singapore-2,0,1,0,0,1,0,0,1,0,0,0,0,0,0,0,0,1,0
cafe-melba-singapore,0,1,0,0,0,0,0,1,0,0,0,0,0,0,0,0,1,0
traditional-haig-road-putu-piring-singapore-3,0,1,0,0,0,0,0,1,0,0,0,0,0,0,0,0,1,0
bread-and-hearth-singapore-2,0,1,0,0,1,0,0,0,0,0,0,0,0,0,0,0,1,0
penny-university-singapore,1,0,0,0,0,0,1,0,1,0,0,0,0,0,0,0,1,0
tarte-by-cheryl-koh-singapore,0,0,1,0,0,0,0,0,0,1,0,0,0,1,0,0,0,0
old-tea-hut-singapore-2,1,0,0,0,0,0,0,0,1,0,0,0,0,1,0,0,0,0
kith-cafe-singapore-4,0,0,1,0,0,0,0,1,0,0,0,0,0,1,0,0,0,0
artisan-boulangerie-co-singapore-7,0,1,0,0,1,0,1,1,1,0,0,0,0,1,0,0,0,0
cafe-kreams-singapore,0,1,0,0,0,0,0,1,0,1,0,0,0,1,0,0,0,0
nam-dae-mun-singapore,1,0,0,0,0,0,0,0,1,1,0,0,0,1,0,0,0,0
clinton-street-baking-company-and-restaurant-singapore,0,1,0,0,1,0,1,0,0,0,0,0,0,1,0,0,0,0
dimbulah-singapore,0,1,0,0,0,0,0,1,1,0,0,0,0,1,0,0,0,0
the-coffee-bean-and-tea-leaf-singapore,1,0,0,0,0,0,0,0,1,0,0,0,0,0,0,0,1,0
starbucks-singapore-141,1,0,0,0,0,0,0,0,1,0,0,0,0,1,0,0,0,0
simply-sandwich-singapore,0,1,0,0,0,0,0,0,1,0,0,0,1,1,0,0,0,0
isle-eating-house-singapore,1,0,0,0,0,0,0,0,1,0,0,0,0,1,0,0,0,0
a-gan-tea-singapore,1,0,0,0,0,0,0,0,1,0,0,0,0,1,0,0,0,0
bodacious-bar-and-bistro-singapore,0,1,0,0,0,0,0,1,0,0,0,0,0,0,0,0,0,1
dimbulah-coffee-singapore,1,0,0,0,0,0,0,0,1,0,0,0,0,1,0,0,0,0
refuel-ii-singapore,0,1,0,0,0,0,0,1,0,0,0,0,0,1,0,0,0,0
alexs-eating-house-singapore,1,0,0,0,0,0,0,0,1,0,0,0,0,1,0,0,0,0
verdure-cafe-singapore,0,1,0,0,0,0,0,1,0,0,0,0,0,1,0,0,0,0
house-of-tau-sar-piah-singapore,1,0,0,0,1,0,0,0,0,0,0,0,0,1,0,0,0,0
dino-cake-house-and-cafe-singapore,1,0,0,0,1,0,0,0,0,0,0,0,0,1,0,0,0,0
starbucks-singapore-43,0,1,0,0,0,0,0,0,1,1,0,0,0,1,0,0,0,0
drips-singapore,0,1,0,0,1,0,0,0,1,1,0,0,0,1,0,0,0,0
the-affogato-lounge-singapore,0,1,0,0,0,0,0,1,0,0,0,0,0,1,0,0,0,0
starbucks-singapore-150,0,1,0,0,0,0,0,0,1,0,0,0,0,1,0,0,0,0
tsujiri-singapore-2,0,1,0,0,0,0,0,0,1,0,0,0,0,1,0,0,0,0
tiong-bahru-bakery-singapore-5,1,0,0,0,1,0,0,1,0,0,0,0,0,0,0,1,0,0
swirls-bake-shop-singapore,0,1,0,0,1,0,0,0,0,1,0,0,0,1,0,0,0,0
maxwell-food-centre-singapore-3,1,0,0,0,0,0,0,0,0,0,0,0,0,1,0,0,0,0
luna-singapore,0,1,0,0,0,0,0,0,1,1,0,0,0,1,0,0,0,0
gusto-elemento-singapore,0,1,0,0,0,0,0,0,1,0,0,0,0,1,0,0,0,0
balmoral-bakery-singapore,1,0,0,0,1,0,0,0,0,0,0,0,0,0,0,1,0,0
nassim-hill-bakery-bistro-bar-singapore,0,1,0,0,1,1,1,0,0,0,0,0,0,1,0,0,0,0
thus-coffee-singapore,0,1,0,0,0,0,0,1,0,0,0,0,0,1,0,0,0,0
starbucks-singapore-82,0,1,0,0,0,0,0,0,1,0,0,0,0,1,0,0,0,0
south-union-park-singapore,0,1,0,0,0,0,0,1,0,0,0,0,0,0,0,0,1,0
starbucks-orchard,0,1,0,0,0,0,0,0,1,0,0,0,0,1,0,0,0,0
gather-singapore-2,0,1,0,0,0,0,0,0,1,0,0,1,0,1,0,0,0,0
yellow-cup-express-singapore,0,1,0,0,0,0,0,0,1,0,0,0,0,1,0,0,0,0
toast-box-singapore-40,0,1,0,0,0,0,0,1,0,0,0,0,0,1,0,0,0,0
joe-and-dough-singapore-9,0,1,0,0,1,0,0,0,1,0,0,0,1,1,0,0,0,0
63-singapore,0,1,0,0,0,0,1,0,1,0,0,0,0,1,0,0,0,0
and-all-things-delicious-singapore-3,0,0,1,0,1,0,0,0,0,0,0,0,0,1,0,0,0,0
rive-gauche-patisserie-singapore,1,0,0,0,1,0,0,1,0,0,0,0,0,1,0,0,0,0
max-brenner-chocolate-bar-singapore-2,0,1,0,0,0,0,0,0,1,1,0,0,0,1,0,0,0,0
killiney-kopitiam-singapore-12,0,1,0,0,0,0,1,1,0,0,0,0,0,1,0,0,0,0
lao-huo-tang-singapore,1,0,0,0,0,0,0,0,0,0,0,0,0,1,0,0,0,0
joe-and-the-juice-singapore,0,1,0,0,0,0,0,0,0,0,0,1,0,1,0,0,0,0
the-coffee-bean-and-tea-leaf-singapore-18,1,0,0,0,0,0,0,0,1,0,0,0,0,1,0,0,0,0
claudes-singapore,0,1,0,0,0,0,0,1,0,0,0,0,0,0,0,1,0,0
jia-cheng-singapore,1,0,0,0,0,0,0,0,1,0,0,0,0,1,0,0,0,0
the-providore-singapore-3,1,0,0,0,0,0,0,1,0,0,0,0,0,1,0,0,0,0
the-famous-ice-cream-rolls-shop-singapore,0,1,0,0,0,0,0,1,0,0,1,0,0,1,0,0,0,0
ya-kun-kaya-toast-singapore-41,0,1,0,0,0,0,0,0,1,0,0,0,1,1,0,0,0,0
round-8-singapore,0,1,0,0,0,0,0,1,0,0,0,0,0,0,0,0,1,0
tiffin-singapore,0,1,0,0,0,0,0,1,1,0,0,0,0,1,0,0,0,0
cafe-o-singapore-2,0,1,0,0,0,0,0,1,0,0,0,0,0,0,0,1,0,0
starbucks-singapore-86,0,1,0,0,0,0,0,0,1,0,0,0,0,1,0,0,0,0
rocky-master-singapore,0,1,0,0,0,0,0,1,0,0,0,0,0,1,0,0,0,0
ta-ke-cafe-singapore,0,1,0,0,0,0,1,0,1,0,0,0,0,1,0,0,0,0
the-coffee-bean-and-tea-leaf-singapore-46,1,0,0,0,0,0,0,0,1,0,0,0,0,1,0,0,0,0
two-blur-guys-singapore,0,1,0,0,0,0,0,1,0,0,0,0,0,1,0,0,0,0
the-coffee-bean-and-tea-leaf-singapore-23,1,0,0,0,0,0,0,1,1,0,0,0,0,0,0,1,0,0
creamier-singapore,1,0,0,0,0,0,0,0,1,0,1,0,0,1,0,0,0,0
good-good-eating-house-singapore,1,0,0,0,0,0,0,0,0,0,0,0,0,0,0,1,0,0
cafe-del-mar-sentosa-singapore,1,0,0,0,0,0,0,1,0,0,0,0,0,0,0,0,0,1
merchants-singapore,0,1,0,0,0,0,0,1,0,0,0,0,0,0,0,0,1,0
starbucks-singapore-119,0,1,0,0,0,0,0,0,1,0,0,0,0,1,0,0,0,0
art-palates-cafe-singapore,0,1,0,0,0,0,0,1,0,0,0,0,0,1,0,0,0,0
backstage-cafe-singapore,0,1,0,0,0,0,0,0,1,0,0,0,0,0,0,0,1,0
old-chang-kee-coffee-house-singapore,0,1,0,0,0,0,0,1,0,0,0,0,0,1,0,0,0,0
coffee-break-singapore,1,0,0,0,0,0,0,0,1,0,0,0,0,1,0,0,0,0
coffee-and-toast-singapore-4,1,0,0,0,0,0,1,0,1,0,0,0,0,1,0,0,0,0
privé-clarke-quay-singapore,0,1,0,0,0,1,1,1,0,0,0,0,0,1,0,0,0,0
the-larder-cafe-singapore,0,1,0,0,0,0,0,1,0,0,0,0,0,1,0,0,0,0
mr-teh-terik-no-title,0,1,0,0,0,0,0,0,1,0,0,0,0,1,0,0,0,0
old-hen-kitchen-singapore,0,1,0,0,0,0,0,1,0,0,0,0,0,1,0,0,0,0
lim-teck-guan-minced-pork-singapore,0,1,0,0,0,0,0,0,0,0,0,0,0,1,0,0,0,0
cedele-singapore-4,0,1,0,0,0,0,0,0,1,0,0,0,0,1,0,0,0,0
bread-yard-singapore-2,1,0,0,0,1,0,1,0,0,0,0,0,0,0,0,0,0,1
steeped-singapore,0,1,0,0,0,0,0,0,1,0,0,0,0,1,0,0,0,0
tiong-bahru-food-market-and-hawker-centre-singapore,1,0,0,0,0,0,0,0,0,0,0,0,0,1,0,0,0,0
second-storey-cafe-bar-singapore,0,1,0,0,0,0,0,1,0,0,0,0,0,0,0,0,1,0
sharetea-no-title,0,1,0,0,0,0,0,0,1,0,0,0,0,1,0,0,0,0
the-signature-patisserie-singapore,1,0,0,0,1,0,0,0,0,0,0,0,0,1,0,0,0,0
freshly-baked-by-le-bijoux-singapore,1,0,0,0,1,0,1,0,0,0,0,0,0,1,0,0,0,0
marine-cove-singapore,0,1,0,0,0,0,0,0,0,0,0,0,0,0,0,0,1,0
fun-toast-singapore,0,1,0,0,0,0,0,1,0,0,0,0,0,1,0,0,0,0
red-baron-singapore,0,1,0,0,0,0,0,1,1,0,0,0,0,0,0,0,0,1
little-wimbly-lu-singapore,0,1,0,0,0,0,0,0,0,1,0,0,0,0,0,1,0,0
yakun-kaya-toast-singapore-5,0,1,0,0,0,0,0,1,0,0,0,0,0,1,0,0,0,0
novus-singapore-2,0,1,0,0,0,0,0,1,0,0,0,0,0,1,0,0,0,0
naomi-kitchen-singapore-2,1,0,0,0,1,0,0,0,0,0,0,0,0,0,0,0,1,0
pickmeup-cafe-singapore,0,1,0,0,0,0,0,1,0,0,0,0,0,0,0,0,1,0
arteastiq-singapore-3,0,1,0,0,0,0,0,0,1,0,0,0,0,1,0,0,0,0
nespresso-boutique-singapore,0,1,0,0,0,0,0,0,1,0,0,0,0,1,0,0,0,0
curry-leaf-singapore,0,1,0,0,0,0,0,0,1,0,0,0,0,1,0,0,0,0
tiong-bahru-yong-tau-foo-singapore,1,0,0,0,0,0,0,0,0,0,0,0,0,1,0,0,0,0
drinks-desserts-stall-smith-street-singapore,1,0,0,0,0,0,0,0,1,1,0,0,0,1,0,0,0,0
charlie-brown-cafe-singapore-5,0,1,0,0,0,0,0,1,0,0,0,0,0,0,0,0,1,0
new-confectionery-and-restaurant-singapore,1,0,0,0,0,0,0,1,0,0,0,0,0,1,0,0,0,0
cafe-football-singapore,0,1,0,0,0,0,0,1,0,0,0,0,0,0,0,0,1,0
toast-box-singapore-51,0,1,0,0,0,0,0,1,0,0,0,0,0,1,0,0,0,0
four-seasons-singapore-2,1,0,0,0,0,0,0,1,0,0,0,0,0,1,0,0,0,0
ya-kun-family-cafe-singapore,0,1,0,0,0,0,0,0,1,0,0,0,0,1,0,0,0,0
odd-one-out-singapore,0,0,1,0,0,1,0,1,0,0,0,0,0,1,0,0,0,0
marriott-café-singapore-2,0,1,0,0,0,0,0,1,0,0,0,0,0,1,0,0,0,0
smoothy-de-cafe-singapore,0,1,0,0,0,0,0,1,0,0,0,0,0,0,0,0,1,0
dapper-coffee-singapore-2,0,1,0,0,0,0,0,0,1,0,0,0,0,1,0,0,0,0
heavenly-wang-singapore-9,0,1,0,0,0,0,0,1,0,0,0,0,0,0,0,0,1,0
delifrance-jelita-singapore,1,0,0,0,0,0,0,1,0,0,0,0,0,0,0,1,0,0
cedele-singapore-9,0,1,0,0,1,0,0,1,0,0,0,0,0,1,0,0,0,0
maccha-house-singapore,0,1,0,0,0,0,0,0,1,1,0,0,0,1,0,0,0,0
cali-cafe-singapore,0,1,0,0,0,0,0,1,0,0,0,0,0,0,0,0,0,1
fun-toast-singapore-10,1,0,0,0,0,0,1,0,1,0,0,0,0,0,0,0,0,1
greater-lot-by-cedele-no-title,0,1,0,0,0,0,0,1,0,0,0,0,0,0,0,0,0,1
coffeemin-singapore,0,1,0,0,0,0,0,1,0,0,0,0,0,1,0,0,0,0
butter-studio-singapore-2,1,0,0,0,1,0,0,1,0,0,0,0,0,1,0,0,0,0
old-town-white-coffee-singapore-15,0,1,0,0,0,0,1,1,0,0,0,0,0,1,0,0,0,0
hot-singapore-2,0,1,0,0,0,1,0,1,0,0,0,0,0,1,0,0,0,0
toast-box-singapore-50,0,1,0,0,0,0,0,1,0,0,0,0,0,1,0,0,0,0
maison-kayser-singapore-5,0,1,0,0,1,0,1,1,0,0,0,0,0,1,0,0,0,0
dean-and-deluca-singapore-2,0,1,0,0,0,0,0,1,0,0,0,0,0,1,0,0,0,0
cha-tra-mue-no-title,0,1,0,0,0,0,0,1,1,0,0,0,0,1,0,0,0,0
carpenter-and-cook-singapore,0,1,0,0,1,0,0,1,0,0,0,0,0,0,0,0,0,1
the-orange-thimble-singapore,1,0,0,0,0,0,0,1,1,0,0,0,0,1,0,0,0,0
breko-cafe-singapore,1,0,0,0,0,0,0,1,0,0,0,0,0,0,0,1,0,0
6oz-espresso-bar-singapore-2,1,0,0,0,0,0,0,1,0,0,0,0,0,1,0,0,0,0
the-royals-cafe-singapore,1,0,0,0,0,0,0,1,0,0,0,0,0,0,0,0,1,0
starbucks-singapore-107,0,1,0,0,0,0,0,0,1,0,0,0,0,1,0,0,0,0
privé-singapore-7,0,1,0,0,0,0,0,1,0,0,0,0,0,1,0,0,0,0
tom-n-toms-coffee-singapore,1,0,0,0,0,0,0,1,1,1,0,0,0,1,0,0,0,0
yijia-bakery-house-singapore,1,0,0,0,1,0,0,0,0,0,0,0,0,1,0,0,0,0
dimbulah-singapore-5,0,1,0,0,0,0,0,1,0,0,0,0,0,1,0,0,0,0
starbucks-singapore-76,0,1,0,0,0,0,0,0,1,0,0,0,0,1,0,0,0,0
rabbit-owl-depot-singapore,0,1,0,0,0,0,0,0,0,0,1,0,0,1,0,0,0,0
liho-tea-singapore-128,0,1,0,0,0,0,0,0,1,0,0,1,0,1,0,0,0,0
o-parl-cafe-singapore,0,1,0,0,0,0,0,1,0,0,0,0,0,1,0,0,0,0
ps-cafe-singapore-7,0,0,1,0,0,0,0,1,0,0,0,0,0,1,0,0,0,0
chinatown-complex-market-and-food-centre-singapore,1,0,0,0,0,0,0,0,0,0,0,0,0,1,0,0,0,0
tuckshop-singapore,0,1,0,0,0,0,0,1,0,0,0,0,0,1,0,0,0,0
morning-bak-kut-tea-singapore,0,1,0,0,0,0,0,1,0,0,0,0,0,1,0,0,0,0
hoshino-coffee-singapore,0,1,0,0,0,0,0,1,0,1,0,0,0,1,0,0,0,0
starbucks-singapore-177,0,1,0,0,0,0,0,0,1,0,0,0,0,1,0,0,0,0
the-con-artist-by-the-fourty-thieves-singapore,0,1,0,0,0,0,0,1,0,0,0,0,0,1,0,0,0,0
tcc-the-connoisseur-concerto-singapore-10,0,1,0,0,0,0,0,1,1,0,0,0,0,1,0,0,0,0
jamaica-blue-singapore-4,1,0,0,0,0,0,0,0,1,0,0,0,0,1,0,0,0,0
marco-marco-singapore-4,0,1,0,0,0,0,0,0,1,0,0,0,0,1,0,0,0,0
ollella-singapore-2,0,0,1,0,1,0,0,0,0,1,0,0,0,1,0,0,0,0
starbucks-singapore-173,1,0,0,0,0,0,0,0,1,0,0,0,0,0,0,0,1,0
the-coffee-bean-and-tea-leaf-singapore-37,0,1,0,0,0,0,0,0,1,0,0,0,0,1,0,0,0,0
dazzling-cafe-pink-singapore,0,1,0,0,0,0,0,1,0,0,0,0,0,1,0,0,0,0
tea-tree-cafe-singapore,1,0,0,0,0,0,0,0,1,1,0,0,0,0,1,0,0,0
the-pantry-cookery-school-singapore,0,1,0,0,0,0,0,1,0,0,0,0,0,1,0,0,0,0
omb-singapore-2,0,1,0,0,0,0,0,1,0,0,0,0,0,1,0,0,0,0
dimbulah-singapore-3,0,1,0,0,0,0,0,1,0,0,0,0,1,1,0,0,0,0
the-coffee-bean-and-tea-leaf-singapore-53,0,1,0,0,0,0,0,0,1,0,0,0,0,0,0,0,1,0
smor-singapore,1,0,0,0,0,0,0,0,0,0,0,0,0,1,0,0,0,0
roots-one-north-singapore,0,1,0,0,0,0,0,1,0,0,0,0,0,0,0,0,0,1
tan-coffee-stall-singapore,1,0,0,0,0,0,0,0,0,0,0,0,0,1,0,0,0,0
warung-ijo-singapore-2,0,1,0,0,0,0,0,0,1,0,0,0,0,1,0,0,0,0
charlie-brown-cafe-singapore-2,0,1,0,0,0,0,0,1,0,0,0,0,0,1,0,0,0,0
delifrance-singapore-19,0,1,0,0,0,0,0,1,0,0,0,0,0,1,0,0,0,0
mon-bijou-singapore,0,1,0,0,1,0,0,1,0,0,0,0,0,1,0,0,0,0
starbucks-reserve-singapore-3,0,1,0,0,0,0,0,0,1,0,0,0,0,0,0,0,1,0
killiney-kopitiam-singapore-8,1,0,0,0,0,0,1,0,1,0,0,0,0,1,0,0,0,0
joe-and-dough-singapore,0,0,1,0,1,0,0,1,0,0,0,0,0,1,0,0,0,0
wimbly-lu-chocolate-cafe-company-singapore,0,1,0,0,0,0,0,1,0,1,0,0,0,0,0,0,1,0
petit-menu-singapore-2,0,1,0,0,0,0,0,1,0,0,0,0,0,0,0,0,1,0
greyhound-singapore,0,1,0,0,0,0,0,1,0,1,0,0,0,1,0,0,0,0
the-coffee-bean-and-tea-leaf-singapore-66,0,1,0,0,1,0,0,0,1,0,0,0,0,1,0,0,0,0
tai-chong-coffee-stall-singapore,1,0,0,0,0,0,0,0,1,0,0,0,0,0,0,1,0,0
jew-kit-hainanese-chicken-rice-singapore,0,1,0,0,0,0,0,1,0,0,0,0,0,0,0,0,0,1
dutch-baby-cafe-singapore-2,0,1,0,0,0,0,0,1,0,0,0,0,0,1,0,0,0,0
yong-kee-seafood-restaurant-singapore,0,1,0,0,0,0,0,0,0,0,0,0,0,1,0,0,0,0
chalk-farm-singapore-2,0,1,0,0,0,0,0,0,1,1,0,0,0,0,0,0,1,0
provence-singapore,1,0,0,0,1,0,0,1,0,0,0,0,0,0,0,1,0,0
chocolat-n-spice-singapore-2,1,0,0,0,1,0,0,0,0,0,0,0,0,1,0,0,0,0
apiary-singapore,0,1,0,0,0,0,0,0,1,1,1,0,0,1,0,0,0,0
starbucks-singapore-100,0,1,0,0,0,0,0,0,1,0,0,0,0,0,0,0,0,1
yakun-kaya-toast-singapore,1,0,0,0,0,0,0,1,0,0,0,0,0,1,0,0,0,0
liho-tea-singapore-28,0,1,0,0,0,0,0,0,1,0,0,1,0,1,0,0,0,0
bar-bar-black-sheep-no-title,0,1,0,0,0,1,0,1,0,0,0,0,0,0,0,1,0,0
ya-kun-kaya-toast-singapore-14,0,1,0,0,0,0,0,0,1,0,0,0,0,1,0,0,0,0
three-cups-coffee-co-singapore,1,0,0,0,0,0,0,0,1,0,0,0,0,1,0,0,0,0
heng-heng-coffeeshop-singapore,0,1,0,0,0,0,0,0,1,0,0,0,0,0,0,0,1,0
fayidha-singapore,1,0,0,0,0,0,0,0,1,0,0,0,0,1,0,0,0,0
the-signature-patisserie-singapore-2,0,1,0,0,1,0,0,0,1,0,0,0,0,0,0,0,0,1
old-town-white-coffee-singapore-8,1,0,0,0,0,0,1,0,1,0,0,0,0,1,0,0,0,0
nunsongyee-korean-dessert-cafe-singapore-3,0,1,0,0,0,0,0,0,0,1,0,0,0,1,0,0,0,0
ultra-bake-singapore,0,1,0,0,1,0,0,0,1,0,0,0,0,1,0,0,0,0
pie-and-coffee-singapore,0,1,0,0,0,0,0,1,0,0,0,0,0,0,0,0,1,0
nuevo-cafe-by-kitchenhub-singapore,0,1,0,0,0,0,0,1,0,0,0,0,0,0,0,0,1,0
koi-cafe-singapore-9,1,0,0,0,0,0,0,0,1,0,0,0,0,0,0,0,0,1
jamboree-bar-and-cafe-singapore,0,1,0,0,0,1,0,1,0,0,0,0,0,1,0,0,0,0
gong-cha-royal-cafe-singapore,1,0,0,0,0,0,0,0,1,1,0,0,0,1,0,0,0,0
gudetama-cafe-singapore,0,1,0,0,0,0,0,0,0,0,0,0,0,1,0,0,0,0
rookery-singapore,1,0,0,0,0,1,0,1,0,0,0,0,0,1,0,0,0,0
dean-and-deluca-singapore-4,0,1,0,0,0,0,0,1,0,0,0,0,0,0,0,0,0,1
nom-singapore,1,0,0,0,0,0,0,1,0,0,0,0,0,0,0,0,1,0
juice-and-tea-singapore,1,0,0,0,0,0,0,0,1,0,0,1,0,1,0,0,0,0
oh-deli-singapore,0,1,0,0,0,0,0,1,0,0,0,0,0,0,0,0,1,0
starbucks-singapore-18,1,0,0,0,0,0,0,0,1,0,0,0,0,1,0,0,0,0
ba-li-ba-singapore,0,1,0,0,0,0,0,1,0,0,0,0,0,1,0,0,0,0
da-paolo-gastronomia-raffles-city-singapore,0,1,0,0,0,0,0,0,1,1,0,0,0,1,0,0,0,0
lets-eat-singapore-4,1,0,0,0,0,0,1,0,1,0,0,0,0,1,0,0,0,0
ping-kee-popiah-singapore,1,0,0,0,0,0,0,0,1,0,0,0,0,1,0,0,0,0
ananas-cafe-singapore-2,1,0,0,0,0,0,0,1,0,0,0,0,0,1,0,0,0,0
flying-hog-cafe-and-bar-singapore,0,1,0,0,0,1,0,1,0,0,0,0,0,1,0,0,0,0
balestier-midnight-bak-kut-teh-singapore,0,1,0,0,0,0,0,1,0,0,0,0,0,1,0,0,0,0
shop-wonderland-singapore-2,0,1,0,0,0,0,0,1,0,0,0,0,0,1,0,0,0,0
woobbee-singapore-2,0,1,0,0,0,0,0,0,1,0,0,0,0,1,0,0,0,0
princess-cafe-singapore,0,1,0,0,0,0,0,1,0,0,0,0,0,1,0,0,0,0
the-coffee-roaster-singapore-2,0,1,0,0,0,0,0,1,0,0,0,0,0,0,0,0,0,1
o-coffee-club-singapore-12,0,1,0,0,0,0,1,1,0,0,0,0,0,1,0,0,0,0
killiney-kopitiam-singapore-13,1,0,0,0,0,0,0,0,1,0,0,0,0,0,0,0,0,1
ugly-cake-shop-singapore,0,1,0,0,1,0,0,0,1,0,0,0,0,1,0,0,0,0
whisk-and-paddle-singapore-2,0,1,0,0,0,0,0,1,0,0,0,0,0,0,1,0,0,0
frankies-peanut-pancake-singapore,1,0,0,0,0,0,0,0,0,0,0,0,0,1,0,0,0,0
velvet-confectionery-singapore,0,1,0,0,0,0,0,1,0,1,0,0,0,1,0,0,0,0
mahota-commune-singapore,0,1,0,0,0,0,0,0,0,0,0,0,0,1,0,0,0,0
lee-siau-ling-cafe-singapore,0,1,0,0,0,0,0,1,0,1,0,0,0,1,0,0,0,0
toast-box-singapore-26,1,0,0,0,0,0,0,1,0,0,0,0,0,1,0,0,0,0
the-bread-project-singapore,0,1,0,0,1,0,0,0,0,0,0,0,0,0,0,0,1,0
level33-singapore-4,0,1,0,0,0,0,0,0,0,0,0,0,0,1,0,0,0,0
chapter-55-singapore,0,1,0,0,0,0,0,0,0,0,1,0,0,1,0,0,0,0
greenview-cafe-singapore,0,1,0,0,0,0,0,1,0,0,0,0,0,1,0,0,0,0
sheng-chen-fried-kway-teow-singapore,1,0,0,0,0,0,0,0,0,0,0,0,0,1,0,0,0,0
knuckles-singapore,1,0,0,0,0,0,0,1,0,0,0,0,0,0,1,0,0,0
ibake-singapore,1,0,0,0,1,0,0,0,1,0,0,0,0,0,0,0,0,1
vanilla-bar-and-café-singapore-2,0,1,0,0,0,0,0,1,0,0,0,0,0,1,0,0,0,0
pasarbella-singapore-2,0,1,0,0,0,0,0,1,0,1,0,0,0,1,0,0,0,0
riders-cafe-singapore,0,1,0,0,0,0,1,0,0,0,0,0,0,0,0,1,0,0
sun-moon-singapore,1,0,0,0,0,0,0,0,1,0,0,0,0,1,0,0,0,0
jalan-benaan-kapal-food-centre-singapore,1,0,0,0,0,0,0,0,0,0,0,0,0,0,0,0,1,0
simon-road-oyster-omelette-carrot-cake-singapore,0,1,0,0,0,0,0,1,0,0,0,0,0,0,1,0,0,0
the-tastemaker-store-singapore,1,0,0,0,1,0,0,0,1,0,0,0,0,1,0,0,0,0
the-kitchen-singapore,1,0,0,0,0,0,0,1,0,0,0,0,0,0,0,0,0,1
tea-royal-singapore,0,1,0,0,0,0,0,0,1,0,0,1,0,1,0,0,0,0
starbucks-singapore-33,0,1,0,0,0,0,0,0,1,1,0,0,0,0,0,0,0,1
heavenly-wang-singapore-5,0,1,0,0,0,0,0,1,0,0,0,0,0,1,0,0,0,0
hai-sing-coffee-stall-singapore,0,1,0,0,0,0,0,0,1,0,0,0,0,1,0,0,0,0
ya-kun-kaya-toast-singapore-20,1,0,0,0,0,0,0,1,0,0,0,0,0,1,0,0,0,0
qiji-singapore-3,0,1,0,0,0,0,0,1,0,0,0,0,0,0,0,0,0,1
jim-foods-supplier-singapore,1,0,0,0,0,0,0,0,0,0,0,0,0,0,1,0,0,0
ps-cafe-singapore-9,0,1,0,0,0,0,0,1,0,0,0,0,0,1,0,0,0,0
jenny-bakery-singapore-singapore-2,0,0,1,0,1,0,0,0,0,0,0,0,0,0,1,0,0,0
jard-by-sarnies-singapore,0,1,0,0,0,0,0,0,1,0,0,0,0,1,0,0,0,0
wild-honey-singapore-3,0,1,0,0,0,0,1,0,0,0,0,0,0,1,0,0,0,0
chili-padi-nonya-cafe-singapore,0,1,0,0,0,0,0,1,0,0,0,0,0,0,0,0,0,1
shen-and-co-singapore,0,1,0,0,0,0,0,1,0,0,0,0,0,0,0,0,0,1
starbucks-southern-islands,0,1,0,0,0,0,0,0,1,0,0,0,0,0,0,0,0,1
happy-tummy-singapore-2,1,0,0,0,0,0,0,1,0,1,0,0,0,1,0,0,0,0
starbucks-singapore-63,0,1,0,0,0,0,0,0,1,0,0,0,0,0,1,0,0,0
the-chocolate-bar-singapore-2,0,0,1,0,0,0,0,0,0,1,0,0,0,1,0,0,0,0
chopsuey-cafe-singapore-2,0,0,1,0,0,0,0,1,0,0,0,0,0,1,0,0,0,0
chef-icon-nature-bakery-singapore,1,0,0,0,1,0,0,0,0,0,0,0,0,1,0,0,0,0
gong-cha-singapore-48,1,0,0,0,0,0,0,0,1,0,0,0,0,1,0,0,0,0
ya-kun-kaya-toast-singapore-9,1,0,0,0,1,0,0,0,1,0,0,0,0,1,0,0,0,0
liquids-cafe-singapore,0,1,0,0,0,0,0,1,1,0,0,0,0,1,0,0,0,0
old-habits-singapore,0,1,0,0,0,0,0,1,0,0,0,0,0,1,0,0,0,0
toast-singapore,0,1,0,0,0,0,0,1,0,1,0,0,0,1,0,0,0,0
cedele-singapore-38,0,1,0,0,0,0,0,1,0,0,0,0,0,1,0,0,0,0
liho-tea-singapore-53,0,1,0,0,0,0,0,0,1,0,0,1,0,1,0,0,0,0
the-flying-squirrel-singapore,0,0,1,0,0,0,0,1,0,0,0,0,0,1,0,0,0,0
coalesce-singapore,0,0,1,0,0,1,0,1,0,0,0,0,0,0,0,0,0,1
regroup-singapore,0,1,0,0,0,0,0,1,0,0,0,0,0,1,0,0,0,0
fine-palate-cafe-singapore,0,0,1,0,0,0,0,1,0,0,0,0,0,1,0,0,0,0
mugiya-singapore,1,0,0,0,1,0,0,0,0,0,0,0,0,1,0,0,0,0
crepe-signature-singapore,0,1,0,0,0,0,0,1,0,0,0,0,0,1,0,0,0,0
urban-fairways-singapore,0,0,1,0,0,0,0,1,0,0,0,0,0,1,0,0,0,0
ten-rens-tea-singapore,0,1,0,0,0,0,0,0,1,0,0,0,0,1,0,0,0,0
artease-singapore-2,1,0,0,0,0,0,0,0,1,0,0,0,0,1,0,0,0,0
boost-juice-singapore-3,0,1,0,0,0,0,0,0,0,0,0,1,0,1,0,0,0,0
hill-street-coffee-shop-singapore-2,1,0,0,0,0,0,0,0,1,0,0,0,0,1,0,0,0,0
liho-tea-singapore-117,0,1,0,0,0,0,0,0,1,0,0,1,0,1,0,0,0,0
simplicite-cafe-singapore,0,1,0,0,0,0,1,1,0,0,1,0,0,0,0,0,1,0
toast-box-singapore-11,0,1,0,0,0,0,0,1,0,0,0,0,0,1,0,0,0,0
twg-tea-singapore-3,0,1,0,0,0,0,0,0,0,0,0,0,0,1,0,0,0,0
toast-box-esplanade-singapore,0,1,0,0,0,0,0,0,1,0,0,0,0,1,0,0,0,0
soon-soon-huat-coffee-shop-singapore,0,1,0,0,0,0,0,0,1,0,0,0,0,1,0,0,0,0
graffiti-cafe-singapore-2,0,1,0,0,0,0,0,1,0,0,0,0,0,0,0,0,1,0
killiney-kopitiam-singapore-9,1,0,0,0,0,0,1,1,1,0,0,0,0,1,0,0,0,0
earlybird-singapore,0,1,0,0,0,0,1,1,0,0,0,0,0,1,0,0,0,0
starbucks-singapore-52,1,0,0,0,0,0,0,1,1,0,0,0,0,1,0,0,0,0
rabbit-carrot-gun-singapore-2,0,1,0,0,0,0,1,1,0,0,0,0,0,0,0,0,1,0
black-singapore,1,0,0,0,0,0,0,1,0,0,0,0,0,1,0,0,0,0
boyles-coffee-singapore,0,1,0,0,0,0,0,0,0,0,0,0,0,0,0,1,0,0
365-fruit-juice-and-smoothie-singapore,0,1,0,0,0,0,0,0,0,0,0,1,0,1,0,0,0,0
old-school-delights-singapore-4,0,1,0,0,0,0,0,1,0,0,0,0,0,1,0,0,0,0
rafees-corner-singapore,1,0,0,0,0,0,0,0,1,0,0,0,0,1,0,0,0,0
meng-kitchen-singapore,1,0,0,0,0,0,0,0,0,0,0,0,0,1,0,0,0,0
salute-casual-dining-singapore,0,1,0,0,0,0,0,0,1,0,0,0,0,1,0,0,0,0
double-spout-cafe-singapore,0,1,0,0,0,0,0,1,0,0,0,0,0,0,1,0,0,0
nanyang-old-coffee-singapore-7,1,0,0,0,0,0,0,0,1,0,0,0,0,0,0,0,0,1
hood-bar-and-cafe-singapore,0,1,0,0,0,1,0,1,0,0,0,0,0,1,0,0,0,0
cold-storage-singapore-15,0,1,0,0,0,0,0,0,0,0,0,0,0,1,0,0,0,0
cocoa-colony-singapore-3,0,1,0,0,0,0,0,1,0,0,0,0,0,0,0,0,0,1
black-white-tale-singapore,0,1,0,0,0,0,0,1,0,0,0,0,0,1,0,0,0,0
starbucks-singapore-118,0,1,0,0,0,0,0,0,1,0,0,0,0,1,0,0,0,0
oriental-ice-bistro-singapore,1,0,0,0,0,0,0,1,0,1,0,0,0,1,0,0,0,0
cafereatt-singapore,0,1,0,0,0,0,0,0,1,0,0,0,0,1,0,0,0,0
hup-choon-eating-house-singapore-2,1,0,0,0,0,0,0,0,0,0,0,0,0,0,0,1,0,0
jonkers-nyonya-deli-singapore,0,1,0,0,0,0,0,1,0,0,0,0,0,1,0,0,0,0
plus-eight-two-singapore,0,1,0,0,0,0,0,1,0,1,0,0,0,1,0,0,0,0
s-city-cafe-singapore,0,1,0,0,0,0,0,1,0,0,0,0,0,1,0,0,0,0
ding-tea-singapore,0,1,0,0,0,0,0,0,1,0,0,0,0,1,0,0,0,0
hg-106-coffeeshop-singapore,0,1,0,0,0,0,0,0,1,0,0,0,0,0,1,0,0,0
3838-eating-place-singapore,1,0,0,0,0,0,0,0,1,0,0,0,0,1,0,0,0,0
wang-café-singapore-12,0,1,0,0,0,0,0,0,1,0,0,0,0,0,0,1,0,0
starbucks-singapore-106,0,1,0,0,0,0,0,0,1,0,0,0,0,1,0,0,0,0
starbucks-pacific-plaza-singapore,1,0,0,0,0,0,0,0,1,0,0,0,0,1,0,0,0,0
hattendo-cafe-singapore,1,0,0,0,1,0,0,0,1,1,0,0,0,1,0,0,0,0
gloria-jeans-coffees-singapore-5,0,1,0,0,0,0,0,1,0,0,0,0,0,1,0,0,0,0
xinspa-spaworks-singapore,0,1,0,0,0,0,0,0,1,0,0,0,0,0,0,1,0,0
killiney-kopitiam-singapore-5,1,0,0,0,0,0,1,0,1,0,0,0,0,1,0,0,0,0
little-farms-cafe-singapore,0,1,0,0,0,0,0,1,0,0,0,0,0,1,0,0,0,0
rice-and-fries-singapore,0,1,0,0,0,0,0,1,0,0,0,0,0,0,0,0,1,0
kim-san-leng-coffeeshop-singapore,0,1,0,0,0,0,0,0,1,0,0,0,0,0,0,0,1,0
the-daily-cut-singapore-3,0,1,0,0,0,0,0,1,0,0,0,0,0,1,0,0,0,0
poh-ho-restaurant-singapore,1,0,0,0,0,0,1,0,1,0,0,0,0,0,0,0,1,0
the-garden-slug-singapore,0,1,0,0,0,0,0,1,0,0,0,0,0,0,0,0,1,0
hoshino-coffee-singapore-2,0,1,0,0,0,0,0,1,0,1,0,0,0,1,0,0,0,0
sprout-singapore-2,0,1,0,0,0,0,1,0,0,0,0,1,0,1,0,0,0,0
pan-delights-singapore,0,1,0,0,0,0,0,1,0,0,0,0,0,1,0,0,0,0
mufiz-cafe-singapore-2,0,1,0,0,0,0,0,1,0,0,0,0,0,1,0,0,0,0
ya-kun-kaya-toast-singapore-34,0,1,0,0,0,0,1,1,0,0,0,0,0,1,0,0,0,0
koi-cafe-singapore-8,0,1,0,0,0,0,0,0,1,0,0,0,0,1,0,0,0,0
m-seven-cafe-singapore,0,1,0,0,0,0,0,1,0,0,0,0,0,1,0,0,0,0
93-degrees-c-bean-and-leaf-singapore,0,1,0,0,0,0,0,1,0,0,0,0,0,0,0,1,0,0
old-town-white-coffee-singapore-13,1,0,0,0,0,0,0,0,1,0,0,0,0,0,0,0,1,0
butter-my-buns-singapore,0,1,0,0,0,0,0,1,0,1,1,0,0,0,0,0,0,1
toa-payoh-lor-1-market-and-food-centre-singapore,1,0,0,0,0,0,0,0,0,0,0,0,0,1,0,0,0,0
wellsmoocht-singapore-2,0,1,0,0,0,0,0,1,0,1,0,0,0,1,0,0,0,0
gram-singapore-2,0,1,0,0,0,0,0,1,0,0,0,0,0,1,0,0,0,0
ya-kun-kaya-toast-singapore-24,1,0,0,0,0,0,0,1,0,0,0,0,0,1,0,0,0,0
typhoon-cafe-singapore,0,1,0,0,0,0,0,1,0,0,0,0,0,1,0,0,0,0
segafredo-zanetti-singapore,1,0,0,0,0,0,0,1,0,0,0,0,0,1,0,0,0,0
fika-singapore,0,1,0,0,0,0,0,1,0,0,0,0,0,1,0,0,0,0
plain-vanilla-bakery-singapore-3,1,0,0,0,1,0,1,0,1,0,0,0,0,1,0,0,0,0
marina-food-court-singapore,0,1,0,0,0,0,0,1,1,0,0,0,0,1,0,0,0,0
sq11-deli-and-cafe-singapore,0,1,0,0,0,0,0,1,0,0,0,0,0,1,0,0,0,0
tanjong-rhu-pau-singapore-2,1,0,0,0,0,0,0,0,0,0,0,0,0,0,0,0,1,0
the-providore-singapore,0,0,1,0,0,0,0,1,0,0,0,0,0,1,0,0,0,0
five-foot-way-coffee-and-juice-bar-singapore,0,1,0,0,0,0,0,0,1,0,0,1,0,1,0,0,0,0
koko-rooloo-singapore,0,1,0,0,0,0,0,0,0,0,0,0,0,1,0,0,0,0
the-coffee-bean-and-tea-leaf-singapore-29,0,1,0,0,0,0,0,0,1,0,0,0,0,1,0,0,0,0
the-mad-sailors-singapore,0,1,0,0,0,0,0,1,0,0,0,0,0,1,0,0,0,0
flagwhite-singapore,0,1,0,0,0,0,1,0,1,1,0,0,0,0,0,0,0,1
o-coffee-club-singapore-7,0,1,0,0,0,0,0,0,1,0,0,0,0,1,0,0,0,0
courtyard-cafe-and-lounge-singapore,0,1,0,0,0,0,0,1,0,0,0,0,0,1,0,0,0,0
artisan-boulangerie-co-singapore,1,0,0,0,1,0,1,0,0,0,0,0,0,1,0,0,0,0
coastes-singapore,0,1,0,0,0,0,0,0,0,0,0,0,0,0,0,0,0,1
kumoya-singapore,0,1,0,0,0,0,0,0,0,0,0,0,0,1,0,0,0,0
ya-kun-singapore,0,1,0,0,0,0,0,1,0,0,0,0,0,1,0,0,0,0
ohsumi-singapore,0,1,0,0,0,0,0,1,0,0,0,0,0,1,0,0,0,0
ananas-cafe-singapore-6,0,1,0,0,0,0,0,0,1,0,0,0,0,1,0,0,0,0
wild-honey-singapore,0,0,1,0,0,0,1,0,0,0,0,0,0,1,0,0,0,0
dunkin-donuts-singapore-7,0,1,0,0,0,0,0,0,1,0,0,0,0,1,0,0,0,0
amoy-street-food-centre-singapore,1,0,0,0,0,0,0,0,0,0,0,0,0,1,0,0,0,0
jin-wee-coffee-shop-singapore,0,1,0,0,0,0,0,0,1,0,0,0,0,0,0,0,1,0
micro-bakery-and-kitchen-singapore-2,0,1,0,0,1,0,1,1,0,0,0,0,0,0,0,0,1,0
grain-traders-singapore-3,0,1,0,0,0,0,1,0,1,0,0,0,0,1,0,0,0,0
cafe-mondo-singapore,0,1,0,0,0,0,0,1,0,0,0,0,0,1,0,0,0,0
burp-kitchen-and-bar-bedok-reservoir-singapore-3,0,1,0,0,0,1,0,1,0,0,0,0,0,0,1,0,0,0
mellvin-coffee-shop-singapore,1,0,0,0,0,0,0,0,1,0,0,0,0,0,0,0,1,0
starbucks-downtown-core,1,0,0,0,0,0,0,0,1,0,0,0,0,1,0,0,0,0
mr-bean-singapore-3,0,1,0,0,0,0,0,0,1,0,1,1,0,0,0,0,0,1
eastern-wind-foodhouse-singapore,0,1,0,0,0,0,0,0,1,0,0,0,0,0,0,0,1,0
starbucks-singapore-42,1,0,0,0,0,0,0,1,1,0,0,0,0,1,0,0,0,0
chen-suzhen-dessert-singapore,0,1,0,0,0,0,0,0,1,0,1,1,0,1,0,0,0,0
auntie-teo-place-local-delights-singapore,0,1,0,0,0,0,0,1,0,0,0,0,0,1,0,0,0,0
fun-toast-singapore-4,1,0,0,0,0,0,0,1,1,0,0,0,0,1,0,0,0,0
coffee-express-2000-singapore-3,1,0,0,0,0,0,0,0,1,0,0,0,0,1,0,0,0,0
go-go-bambini-singapore,0,1,0,0,0,0,0,1,0,0,0,0,0,1,0,0,0,0
starbucks-singapore-137,1,0,0,0,0,0,0,0,1,0,0,0,0,0,1,0,0,0
saintmarc-cafe-singapore,0,1,0,0,0,0,1,1,0,1,0,0,0,0,0,0,1,0
sunday-folks-singapore,0,1,0,0,0,0,0,0,1,1,1,0,0,0,0,1,0,0
attap-house-singapore,1,0,0,0,0,0,0,0,1,0,0,0,0,0,0,0,0,1
amber-ember-singapore,0,1,0,0,0,0,0,1,0,0,0,0,0,0,1,0,0,0
al-barakah-singapore,0,1,0,0,0,0,0,0,0,0,0,0,0,0,0,0,1,0
kopi-and-tarts-singapore,0,1,0,0,0,0,0,1,0,0,0,0,0,1,0,0,0,0
ya-kun-kaya-toast-singapore-19,1,0,0,0,0,0,0,1,1,0,0,0,0,1,0,0,0,0
katong-yong-tau-foo-singapore,1,0,0,0,0,0,0,0,0,0,0,0,0,0,0,0,1,0
nandos-peri-peri-singapore,0,1,0,0,0,0,0,1,0,0,0,0,0,1,0,0,0,0
coffee-bean-and-tea-leaf-singapore-5,0,1,0,0,0,0,0,0,1,0,0,0,0,1,0,0,0,0
micro-bakery-and-kitchen-singapore,1,0,0,0,1,0,1,0,1,0,0,0,0,1,0,0,0,0
yamakawa-super-singapore,0,1,0,0,0,0,0,0,0,0,0,0,0,1,0,0,0,0
ya-kun-kaya-toast-singapore-26,1,0,0,0,0,0,1,0,0,0,0,0,0,0,0,0,0,1
black-singapore-2,0,1,0,0,0,0,0,1,0,0,0,0,0,1,0,0,0,0
the-old-malaya-cafe-singapore-2,1,0,0,0,0,0,0,0,0,0,0,0,0,1,0,0,0,0
fullhouse-signature-singapore,0,1,0,0,0,0,0,1,0,0,0,0,0,1,0,0,0,0
starbucks-singapore-25,0,1,0,0,0,0,0,0,1,0,0,0,0,1,0,0,0,0
stamping-ground-singapore,1,0,0,0,0,0,0,1,1,0,0,0,0,1,0,0,0,0
hustle-co-singapore,0,1,0,0,0,0,1,1,0,0,0,0,0,1,0,0,0,0
fish-soup-at-alexandra-village-singapore,1,0,0,0,0,0,0,0,0,0,0,0,0,1,0,0,0,0
the-rustic-bistro-singapore,0,1,0,0,0,0,0,1,0,0,0,0,0,1,0,0,0,0
yu-kee-duck-rice-singapore-2,0,0,1,0,0,0,0,0,0,0,0,0,0,1,0,0,0,0
project-açai-singapore,0,1,0,0,0,0,0,1,0,0,0,1,0,0,0,1,0,0
twg-tea-on-the-bay-singapore,0,1,0,0,0,0,0,0,0,0,0,0,0,1,0,0,0,0
sapporo-petit-doughnut-singapore,0,1,0,0,0,0,0,1,0,0,0,0,0,1,0,0,0,0
rong-liang-restuarant-singapore,1,0,0,0,0,0,0,0,0,0,0,0,0,0,0,0,0,1
starbucks-singapore-23,1,0,0,0,0,0,0,0,1,0,0,0,0,0,0,1,0,0
sg-rainbow-cafe-singapore,0,1,0,0,0,0,0,0,1,0,0,0,0,1,0,0,0,0
dulcet-and-studio-singapore,0,1,0,0,0,0,0,1,0,0,0,0,0,1,0,0,0,0
dr-cafe-coffee-singapore,0,1,0,0,0,0,0,1,0,0,0,0,0,0,0,0,1,0
tuxedo-café-and-pâtisserie-singapore,1,0,0,0,1,0,0,0,0,0,0,0,0,1,0,0,0,0
hanis-singapore,1,0,0,0,1,0,0,1,0,0,0,0,0,1,0,0,0,0
spices-cafe-singapore,0,1,0,0,0,0,0,1,0,0,0,0,0,1,0,0,0,0
63-celsius-singapore,0,1,0,0,0,1,0,0,1,0,0,0,0,1,0,0,0,0
starbucks-singapore-89,0,1,0,0,0,0,0,0,1,0,0,0,0,0,0,0,0,1
my-favourite-cafe-singapore,1,0,0,0,0,0,0,1,0,0,0,0,0,1,0,0,0,0
milksha-singapore,0,1,0,0,0,0,0,0,1,0,0,0,0,1,0,0,0,0
the-coffee-bean-and-tea-leaf-singapore-6,0,1,0,0,0,0,0,0,1,0,0,0,0,1,0,0,0,0
coffee-club-singapore-5,0,1,0,0,0,0,0,1,0,0,0,0,0,1,0,0,0,0
cedele-singapore-23,1,0,0,0,1,0,0,1,0,0,0,0,0,1,0,0,0,0
w39-singapore,0,1,0,0,1,1,0,0,0,0,0,0,0,0,0,0,0,1
kk-delicacies-singapore,0,1,0,0,0,0,0,1,0,0,0,0,0,0,0,0,1,0
privé-café-singapore,0,1,0,0,0,0,1,0,0,0,0,0,0,0,0,0,0,1
choupinette-singapore,0,1,0,0,1,0,1,0,0,0,0,0,0,0,0,1,0,0
chen-cai-eating-house-singapore,1,0,0,0,0,0,0,0,1,0,0,0,0,1,0,0,0,0
firebake-singapore,0,0,1,0,1,0,1,0,0,0,0,0,0,0,0,0,1,0
drips-singapore-2,0,1,0,0,1,0,0,0,0,0,0,0,0,0,0,1,0,0
twg-tea-salon-and-boutique-singapore-2,0,0,1,0,0,0,0,1,0,0,0,0,0,1,0,0,0,0
gobi-singapore-2,0,1,0,0,0,0,0,0,1,1,0,0,0,0,0,0,1,0
happenstance-cafe-singapore,0,1,0,0,0,0,0,1,0,0,0,0,0,1,0,0,0,0
85-redhill-teochew-fishball-noodles-singapore,1,0,0,0,0,0,0,1,0,0,0,0,0,1,0,0,0,0
dream-cafe-singapore,0,1,0,0,0,0,0,0,1,0,1,0,0,1,0,0,0,0
breadtalk-singapore-33,1,0,0,0,1,0,0,0,0,0,0,0,0,1,0,0,0,0
paris-baguette-singapore-5,0,1,0,0,1,0,1,1,0,0,0,0,0,1,0,0,0,0
joe-and-the-juice-tanjong-pagar-centre-singapore,1,0,0,0,0,0,0,0,1,0,0,1,1,1,0,0,0,0
kraftwich-by-swissbake-singapore,0,1,0,0,1,0,0,1,0,0,0,0,0,0,0,0,1,0
gong-cha-singapore-2,1,0,0,0,0,0,0,0,1,0,1,1,0,1,0,0,0,0
o-coffee-club-singapore-6,0,1,0,0,0,0,0,1,0,0,0,0,0,1,0,0,0,0
cafe-360-outlet-1-singapore,0,1,0,0,0,0,0,1,0,0,0,0,0,1,0,0,0,0
clementi-881-coffee-station-singapore,1,0,0,0,0,0,0,0,1,0,0,0,0,0,0,0,0,1
ke-kou-duck-singapore,0,1,0,0,0,0,0,1,0,0,0,0,0,1,0,0,0,0
empire-cafe-singapore,0,1,0,0,0,0,0,1,0,1,0,0,0,1,0,0,0,0
streats-asian-cafe-southern-islands,0,1,0,0,0,0,0,1,0,0,0,0,0,0,0,0,0,1
kith-cafe-singapore-7,0,1,0,0,0,0,1,0,1,0,0,0,1,0,0,1,0,0
naj-restaurant-bugis-singapore,0,1,0,0,0,0,0,0,0,0,0,0,0,1,0,0,0,0
rochor-food-town-singapore,0,1,0,0,0,0,0,1,0,0,0,0,0,1,0,0,0,0
chatime-singapore-2,0,1,0,0,0,0,0,0,1,0,0,0,0,1,0,0,0,0
73-hillcrest-singapore,0,1,0,0,0,0,1,0,0,0,0,0,0,0,0,1,0,0
the-benjamins-singapore,0,0,1,0,0,0,1,0,0,1,1,0,0,1,0,0,0,0
little-house-of-dreams-singapore-2,0,1,0,0,1,0,1,1,0,0,0,0,0,1,0,0,0,0
barcook-bakery-singapore-8,1,0,0,0,1,0,0,0,0,0,0,0,0,1,0,0,0,0
tiffin-room-singapore,0,0,0,1,0,0,0,0,0,0,0,0,0,1,0,0,0,0
starbucks-singapore-69,1,0,0,0,0,0,0,0,1,0,0,0,0,1,0,0,0,0
nya-nya-singapore,0,1,0,0,0,0,0,1,0,0,0,0,0,1,0,0,0,0
nanyang-old-coffee-singapore-3,0,1,0,0,0,0,0,0,1,0,0,0,0,1,0,0,0,0
bakerzin-united-square-singapore,0,1,0,0,0,0,0,1,0,1,0,0,0,1,0,0,0,0
old-airport-road-food-centre-singapore,1,0,0,0,0,0,0,0,0,0,0,0,0,0,0,0,1,0
wang-cafe-singapore-9,0,1,0,0,0,0,0,1,0,0,0,0,0,1,0,0,0,0
twenty-grammes-singapore,0,1,0,0,0,0,0,1,0,0,0,0,0,1,0,0,0,0
gelato-cottage-singapore,1,0,0,0,0,0,0,1,0,0,1,0,0,1,0,0,0,0
starbucks-singapore-29,1,0,0,0,0,0,0,0,1,0,0,0,0,0,0,0,0,1
toastbox-singapore-20,0,1,0,0,0,0,0,0,1,0,0,0,0,1,0,0,0,0
ng-tong-san-herb-tea-singapore,0,1,0,0,0,0,0,0,1,0,0,0,0,0,0,0,1,0
duke-bakery-singapore,0,1,0,0,1,0,0,0,0,0,0,0,0,1,0,0,0,0
coftea-marine-parade-market-and-food-centre-singapore,1,0,0,0,0,0,0,0,1,0,0,0,0,0,0,0,1,0
café-by-plain-vanilla-singapore-3,1,0,0,0,1,0,0,0,0,1,0,0,1,1,0,0,0,0
asian-market-cafe-singapore,0,1,0,0,0,0,0,1,0,0,0,0,0,1,0,0,0,0
tcc-the-connoisseur-concerto-singapore-8,0,1,0,0,0,0,0,0,1,0,0,0,0,1,0,0,0,0
niche-savoureuse-singapore,0,1,0,0,1,0,0,1,0,0,0,0,0,1,0,0,0,0
tai-cheong-bakery-singapore-2,0,1,0,0,1,0,0,0,1,0,0,0,0,0,0,1,0,0
cine-cafe-singapore,0,1,0,0,0,0,0,1,0,0,0,0,0,1,0,0,0,0
delight-f-and-b-singapore,1,0,0,0,0,0,0,0,0,0,0,0,0,1,0,0,0,0
mob-cafe-singapore,0,1,0,0,0,0,0,1,0,0,0,0,0,1,0,0,0,0
sin-hoi-sai-eating-house-singapore,0,1,0,0,0,0,0,1,1,0,0,0,0,0,0,0,1,0
golden-cafe-singapore,0,1,0,0,0,0,0,1,0,0,0,0,0,1,0,0,0,0
tong-heng-singapore-3,1,0,0,0,1,0,0,0,0,1,0,0,0,1,0,0,0,0
cafe-galilee-singapore-2,0,1,0,0,0,0,0,0,1,1,0,0,0,1,0,0,0,0
bake-cheese-tart-singapore,0,1,0,0,0,0,0,0,0,1,0,0,0,1,0,0,0,0
hainanese-village-centre-singapore,1,0,0,0,0,0,0,0,0,0,0,0,0,0,1,0,0,0
hong-lim-market-and-food-centre-singapore,1,0,0,0,0,0,0,0,0,0,0,0,0,1,0,0,0,0
starbucks-singapore-130,1,0,0,0,0,0,0,0,1,0,0,0,0,1,0,0,0,0
asanoya-boulangerie-singapore,0,1,0,0,1,0,0,1,0,0,0,0,0,1,0,0,0,0
baker-and-cook-singapore-7,0,1,0,0,1,0,0,0,1,0,0,0,0,0,0,1,0,0
bread-society-singapore-2,1,0,0,0,1,0,0,0,0,0,0,0,0,1,0,0,0,0
paul-singapore-3,0,1,0,0,0,0,0,0,1,0,0,0,0,1,0,0,0,0
charlie-brown-cafe-singapore-6,0,1,0,0,0,0,0,1,0,0,0,0,0,1,0,0,0,0
o-coffee-club-singapore-10,0,1,0,0,0,0,1,0,1,0,0,0,0,1,0,0,0,0
2good-kitchen-singapore,1,0,0,0,0,0,0,1,1,0,0,0,0,1,0,0,0,0
tcc-the-connoiseur-concerto-singapore-2,0,1,0,0,0,0,0,1,0,0,0,0,0,1,0,0,0,0
the-basic-cafe-singapore,0,1,0,0,0,0,0,1,0,0,0,0,0,0,0,0,1,0
lana-cake-singapore-3,0,1,0,0,1,0,0,0,0,0,0,0,0,0,0,1,0,0
costa-coffee-singapore-6,1,0,0,0,0,0,0,1,1,0,0,0,0,0,0,0,0,1
chin-chin-restaurant-singapore,1,0,0,0,0,0,0,0,1,0,0,0,0,1,0,0,0,0
gallery-cafe-singapore,0,1,0,0,0,0,0,1,0,0,0,0,0,1,0,0,0,0
new-station-snack-bar-singapore,0,1,0,0,0,0,0,1,0,0,0,0,0,1,0,0,0,0
professor-brawn-cafe-singapore,1,0,0,0,0,0,0,1,0,0,0,0,0,1,0,0,0,0
ntuc-fairprice-singapore-60,1,0,0,0,0,0,0,0,0,0,0,0,0,1,0,0,0,0
maison-kayser-singapore-3,1,0,0,0,0,0,0,1,0,0,0,0,0,1,0,0,0,0
