0,1,2,3,4
maxwell-food-centre-singapore-3,toms-palette-singapore,nylon-coffee-roasters-singapore,group-therapy-coffee-singapore,tobys-estate-singapore
tiong-bahru-bakery-singapore-4,wild-honey-singapore-3,nylon-coffee-roasters-singapore,maxwell-food-centre-singapore-3,sunday-folks-singapore
food-for-thought-singapore,chye-seng-huat-hardware-singapore,the-book-cafe-singapore,common-man-coffee-roasters-singapore,tobys-estate-singapore
nylon-coffee-roasters-singapore,tiong-bahru-bakery-singapore-4,maxwell-food-centre-singapore-3,oriole-coffee-bar-singapore-2,ps-cafe-singapore-8
maxwell-food-centre-singapore-3,tiong-bahru-bakery-singapore-4,chye-seng-huat-hardware-singapore,nylon-coffee-roasters-singapore,tiong-bahru-food-market-and-hawker-centre-singapore
maxwell-food-centre-singapore-3,group-therapy-coffee-singapore,chye-seng-huat-hardware-singapore,toms-palette-singapore,tiong-bahru-bakery-singapore-4
tiong-bahru-bakery-singapore-4,nylon-coffee-roasters-singapore,chye-seng-huat-hardware-singapore,oriole-coffee-bar-singapore-2,group-therapy-coffee-singapore
maxwell-food-centre-singapore-3,chye-seng-huat-hardware-singapore,toms-palette-singapore,nylon-coffee-roasters-singapore,group-therapy-coffee-singapore
nylon-coffee-roasters-singapore,chye-seng-huat-hardware-singapore,group-therapy-coffee-singapore,creamier-singapore,tobys-estate-singapore
maxwell-food-centre-singapore-3,nylon-coffee-roasters-singapore,the-book-cafe-singapore,group-therapy-coffee-singapore,lau-pa-sat-singapore-2
maxwell-food-centre-singapore-3,tiong-bahru-bakery-singapore-4,old-airport-road-food-centre-singapore,violet-oons-kitchen-singapore,tobys-estate-singapore
maxwell-food-centre-singapore-3,tiong-bahru-bakery-singapore-4,sunday-folks-singapore,the-lokal-singapore,nylon-coffee-roasters-singapore
nylon-coffee-roasters-singapore,tiong-bahru-food-market-and-hawker-centre-singapore,privé-café-singapore,maxwell-food-centre-singapore-3,laurent-bernard-chocolatier-singapore
nylon-coffee-roasters-singapore,maxwell-food-centre-singapore-3,tiong-bahru-bakery-singapore-4,oriole-coffee-bar-singapore-2,group-therapy-coffee-singapore
chye-seng-huat-hardware-singapore,paul-singapore-3,two-men-bagel-house-singapore,baker-and-cook-singapore,le-cafe-confectionery-and-pastry-singapore
the-book-cafe-singapore,wild-honey-singapore-3,paul-singapore-3,oriole-coffee-bar-singapore-2,group-therapy-coffee-singapore
atlas-coffeehouse-singapore,wild-honey-singapore-3,the-populus-coffee-and-food-co-singapore,tiong-bahru-bakery-singapore-4,grain-traders-singapore
maxwell-food-centre-singapore-3,privé-café-singapore,group-therapy-coffee-singapore,the-orange-thimble-singapore,toms-palette-singapore
tiong-bahru-bakery-singapore-4,d-good-cafe-singapore,wild-honey-singapore-3,maxwell-food-centre-singapore-3,the-book-cafe-singapore
lau-pa-sat-singapore-2,wild-honey-singapore-3,maxwell-food-centre-singapore-3,nylon-coffee-roasters-singapore,toms-palette-singapore
maxwell-food-centre-singapore-3,ps-cafe-singapore-8,lau-pa-sat-singapore-2,foong-kee-coffee-shop-singapore,tiong-bahru-bakery-singapore-4
nylon-coffee-roasters-singapore,tiong-bahru-bakery-singapore-4,chye-seng-huat-hardware-singapore,strangers-reunion-singapore,wild-honey-singapore-3
nylon-coffee-roasters-singapore,tiong-bahru-bakery-singapore-4,maxwell-food-centre-singapore-3,group-therapy-coffee-singapore,toms-palette-singapore
nylon-coffee-roasters-singapore,chye-seng-huat-hardware-singapore,tiong-bahru-bakery-singapore-4,ps-cafe-singapore-8,two-men-bagel-house-singapore
food-for-thought-singapore,chye-seng-huat-hardware-singapore,wild-honey-singapore-3,group-therapy-coffee-singapore,ps-cafe-singapore-8
nylon-coffee-roasters-singapore,maxwell-food-centre-singapore-3,toms-palette-singapore,lau-pa-sat-singapore-2,tiong-bahru-bakery-singapore-4
2am-dessert-bar-singapore,dr-cafe-coffee-singapore,strangers-reunion-singapore,rise-and-grind-coffee-co-bukit-timah,tiong-bahru-bakery-singapore-4
toms-palette-singapore,maxwell-food-centre-singapore-3,level33-singapore-4,group-therapy-coffee-singapore,riders-cafe-singapore
maxwell-food-centre-singapore-3,tiong-bahru-bakery-singapore-4,chye-seng-huat-hardware-singapore,wild-honey-singapore-3,d-good-cafe-singapore
sunday-folks-singapore,nylon-coffee-roasters-singapore,riders-cafe-singapore,maxwell-food-centre-singapore-3,group-therapy-coffee-singapore
maxwell-food-centre-singapore-3,carpenter-and-cook-singapore,common-man-coffee-roasters-singapore,tiong-bahru-bakery-singapore-4,group-therapy-coffee-singapore
maxwell-food-centre-singapore-3,ps-cafe-singapore-8,group-therapy-coffee-singapore,sarnies-singapore,tiong-bahru-bakery-singapore-4
maxwell-food-centre-singapore-3,nylon-coffee-roasters-singapore,chye-seng-huat-hardware-singapore,freshly-baked-by-le-bijoux-singapore,two-men-bagel-house-singapore
tiong-bahru-bakery-singapore-4,maxwell-food-centre-singapore-3,ps-cafe-singapore-8,tobys-estate-singapore,chye-seng-huat-hardware-singapore
tobys-estate-singapore,strangers-reunion-singapore,nylon-coffee-roasters-singapore,tiong-bahru-bakery-singapore-4,baker-and-cook-singapore
maxwell-food-centre-singapore-3,nylon-coffee-roasters-singapore,chye-seng-huat-hardware-singapore,oriole-coffee-bar-singapore-2,tiong-bahru-bakery-singapore-4
nylon-coffee-roasters-singapore,tiong-bahru-bakery-singapore-4,sunday-folks-singapore,two-men-bagel-house-singapore,atlas-coffeehouse-singapore
maxwell-food-centre-singapore-3,nylon-coffee-roasters-singapore,tiong-bahru-bakery-singapore-4,two-men-bagel-house-singapore,sunday-folks-singapore
maxwell-food-centre-singapore-3,chye-seng-huat-hardware-singapore,nylon-coffee-roasters-singapore,group-therapy-coffee-singapore,tobys-estate-singapore
maxwell-food-centre-singapore-3,tiong-bahru-bakery-singapore-4,chye-seng-huat-hardware-singapore,the-assembly-ground-singapore,two-men-bagel-house-singapore
group-therapy-coffee-singapore,nylon-coffee-roasters-singapore,food-for-thought-singapore,wild-honey-singapore-3,maxwell-food-centre-singapore-3
tiong-bahru-bakery-singapore-4,chye-seng-huat-hardware-singapore,nylon-coffee-roasters-singapore,the-book-cafe-singapore,strangers-reunion-singapore
maxwell-food-centre-singapore-3,tiong-bahru-bakery-singapore-4,lau-pa-sat-singapore-2,chye-seng-huat-hardware-singapore,group-therapy-coffee-singapore
nassim-hill-bakery-bistro-bar-singapore,level33-singapore-4,nylon-coffee-roasters-singapore,tiong-bahru-bakery-singapore-4,toms-palette-singapore
nylon-coffee-roasters-singapore,two-men-bagel-house-singapore,lau-pa-sat-singapore-2,tom-n-toms-coffee-singapore,tiong-bahru-bakery-singapore
chye-seng-huat-hardware-singapore,sunday-folks-singapore,group-therapy-coffee-singapore,tiong-bahru-bakery-singapore-4,oriole-coffee-bar-singapore-2
tiong-bahru-bakery-singapore-4,nylon-coffee-roasters-singapore,two-men-bagel-house-singapore,maxwell-food-centre-singapore-3,food-for-thought-singapore
maxwell-food-centre-singapore-3,chye-seng-huat-hardware-singapore,old-airport-road-food-centre-singapore,nylon-coffee-roasters-singapore,creamier-singapore
paul-singapore-3,the-bao-makers-singapore,maison-kayser-singapore,nylon-coffee-roasters-singapore,brunches-cafe-singapore-3
tiong-bahru-bakery-singapore-4,group-therapy-coffee-singapore,chye-seng-huat-hardware-singapore,hoshino-coffee-singapore,nylon-coffee-roasters-singapore
food-for-thought-singapore,creamier-singapore,drips-singapore,drury-lane-singapore,craftsmen-specialty-coffee-singapore
tiong-bahru-bakery-singapore-4,nylon-coffee-roasters-singapore,maxwell-food-centre-singapore-3,chye-seng-huat-hardware-singapore,sunday-folks-singapore
tiong-bahru-bakery-singapore-4,pacamara-boutique-coffee-roasters-singapore,food-for-thought-singapore,laurent-bernard-chocolatier-singapore,maxwell-food-centre-singapore-3
maxwell-food-centre-singapore-3,nylon-coffee-roasters-singapore,group-therapy-coffee-singapore,toms-palette-singapore,wild-honey-singapore-3
wild-honey-singapore-3,chye-seng-huat-hardware-singapore,nylon-coffee-roasters-singapore,tiong-bahru-bakery-singapore-4,maxwell-food-centre-singapore-3
maxwell-food-centre-singapore-3,tiong-bahru-bakery-singapore-4,nylon-coffee-roasters-singapore,oriole-coffee-bar-singapore-2,chye-seng-huat-hardware-singapore
wild-honey-singapore-3,group-therapy-coffee-singapore,maxwell-food-centre-singapore-3,nylon-coffee-roasters-singapore,ps-cafe-singapore-8
nylon-coffee-roasters-singapore,the-book-cafe-singapore,drury-lane-singapore,tobys-estate-singapore,boufe-boutique-cafe-singapore
chye-seng-huat-hardware-singapore,nylon-coffee-roasters-singapore,penny-university-singapore,maxwell-food-centre-singapore-3,tiong-bahru-bakery-singapore-4
nylon-coffee-roasters-singapore,tiong-bahru-bakery-singapore-4,chye-seng-huat-hardware-singapore,maxwell-food-centre-singapore-3,strangers-reunion-singapore
tiong-bahru-bakery-singapore-4,maxwell-food-centre-singapore-3,group-therapy-coffee-singapore,food-for-thought-singapore,nylon-coffee-roasters-singapore
toms-palette-singapore,old-airport-road-food-centre-singapore,tiong-bahru-food-market-and-hawker-centre-singapore,tiong-bahru-bakery-singapore-4,nylon-coffee-roasters-singapore
nylon-coffee-roasters-singapore,group-therapy-coffee-singapore,tiong-bahru-bakery-singapore-4,chye-seng-huat-hardware-singapore,sunday-folks-singapore
nylon-coffee-roasters-singapore,tiong-bahru-bakery-singapore-4,chye-seng-huat-hardware-singapore,maxwell-food-centre-singapore-3,lau-pa-sat-singapore-2
toms-palette-singapore,maxwell-food-centre-singapore-3,group-therapy-coffee-singapore,wild-honey-singapore-3,tiong-bahru-bakery-singapore-4
tiong-bahru-bakery-singapore-4,nylon-coffee-roasters-singapore,maxwell-food-centre-singapore-3,group-therapy-coffee-singapore,wild-honey-singapore-3
nylon-coffee-roasters-singapore,sunday-folks-singapore,old-airport-road-food-centre-singapore,da-paolo-gastronomia-holland-village-singapore-2,maxwell-food-centre-singapore-3
maxwell-food-centre-singapore-3,tiong-bahru-bakery-singapore-4,nylon-coffee-roasters-singapore,group-therapy-coffee-singapore,toms-palette-singapore
nylon-coffee-roasters-singapore,group-therapy-coffee-singapore,tiong-bahru-bakery-singapore-4,ps-cafe-singapore-8,chye-seng-huat-hardware-singapore
tiong-bahru-bakery-singapore-4,food-for-thought-singapore,maxwell-food-centre-singapore-3,group-therapy-coffee-singapore,nylon-coffee-roasters-singapore
sunday-folks-singapore,nylon-coffee-roasters-singapore,clinton-street-baking-company-and-restaurant-singapore,jimmy-monkey-cafe-and-bar-singapore,d-good-cafe-singapore
maxwell-food-centre-singapore-3,nylon-coffee-roasters-singapore,chye-seng-huat-hardware-singapore,the-book-cafe-singapore,toms-palette-singapore
tiong-bahru-bakery-singapore-4,maxwell-food-centre-singapore-3,nylon-coffee-roasters-singapore,chye-seng-huat-hardware-singapore,group-therapy-coffee-singapore
maxwell-food-centre-singapore-3,wild-honey-singapore-3,nylon-coffee-roasters-singapore,chye-seng-huat-hardware-singapore,tiong-bahru-bakery-singapore-4
tiong-bahru-bakery-singapore-4,nylon-coffee-roasters-singapore,sunday-folks-singapore,maxwell-food-centre-singapore-3,chye-seng-huat-hardware-singapore
chye-seng-huat-hardware-singapore,maxwell-food-centre-singapore-3,nylon-coffee-roasters-singapore,tiong-bahru-bakery-singapore-4,toms-palette-singapore
chye-seng-huat-hardware-singapore,group-therapy-coffee-singapore,wild-honey-singapore-3,nylon-coffee-roasters-singapore,toms-palette-singapore
violet-oons-kitchen-singapore,2am-dessert-bar-singapore,oriole-coffee-bar-singapore-2,cedele-singapore-4,twg-tea-salon-and-boutique-singapore-2
maxwell-food-centre-singapore-3,nylon-coffee-roasters-singapore,tiong-bahru-bakery-singapore-4,chye-seng-huat-hardware-singapore,tiong-bahru-bakery-singapore
tiong-bahru-bakery-singapore-4,toms-palette-singapore,maxwell-food-centre-singapore-3,nylon-coffee-roasters-singapore,wild-honey-singapore-3
nylon-coffee-roasters-singapore,maxwell-food-centre-singapore-3,food-for-thought-singapore,tiong-bahru-bakery-singapore-4,group-therapy-coffee-singapore
tiong-bahru-bakery-singapore-4,maxwell-food-centre-singapore-3,group-therapy-coffee-singapore,laurent-bernard-chocolatier-singapore,jewel-coffee-singapore-8
d-good-cafe-singapore,sunday-folks-singapore,ps-cafe-singapore-7,tiong-bahru-bakery-singapore-4,bread-and-hearth-singapore
maxwell-food-centre-singapore-3,freshly-baked-by-le-bijoux-singapore,old-airport-road-food-centre-singapore,wild-honey-singapore-3,jones-the-grocer-singapore-3
maxwell-food-centre-singapore-3,toms-palette-singapore,chye-seng-huat-hardware-singapore,nylon-coffee-roasters-singapore,tiong-bahru-bakery-singapore-4
chye-seng-huat-hardware-singapore,nylon-coffee-roasters-singapore,maxwell-food-centre-singapore-3,tiong-bahru-bakery-singapore-4,toms-palette-singapore
nylon-coffee-roasters-singapore,group-therapy-coffee-singapore,chye-seng-huat-hardware-singapore,maxwell-food-centre-singapore-3,two-men-bagel-house-singapore
maxwell-food-centre-singapore-3,group-therapy-coffee-singapore,lau-pa-sat-singapore-2,nassim-hill-bakery-bistro-bar-singapore,wild-honey-singapore-3
tiong-bahru-bakery-singapore-4,group-therapy-coffee-singapore,maxwell-food-centre-singapore-3,d-good-cafe-singapore,sunday-folks-singapore
nylon-coffee-roasters-singapore,tiong-bahru-bakery-singapore-4,two-men-bagel-house-singapore,maxwell-food-centre-singapore-3,d-good-cafe-singapore
nylon-coffee-roasters-singapore,maxwell-food-centre-singapore-3,tobys-estate-singapore,tiong-bahru-bakery-singapore-4,group-therapy-coffee-singapore
tiong-bahru-bakery-singapore-4,patisserie-g-singapore,maxwell-food-centre-singapore-3,fika-singapore,carpenter-and-cook-singapore
nylon-coffee-roasters-singapore,tiong-bahru-bakery-singapore-4,toms-palette-singapore,chye-seng-huat-hardware-singapore,tiong-bahru-food-market-and-hawker-centre-singapore
nylon-coffee-roasters-singapore,oriole-coffee-bar-singapore-2,lau-pa-sat-singapore-2,jimmy-monkey-cafe-and-bar-singapore,tiong-bahru-bakery-singapore-4
chye-seng-huat-hardware-singapore,maxwell-food-centre-singapore-3,toms-palette-singapore,nylon-coffee-roasters-singapore,group-therapy-coffee-singapore
tiong-bahru-bakery-singapore-4,group-therapy-coffee-singapore,two-men-bagel-house-singapore,food-for-thought-singapore,maxwell-food-centre-singapore-3
nylon-coffee-roasters-singapore,group-therapy-coffee-singapore,maxwell-food-centre-singapore-3,toms-palette-singapore,tiong-bahru-bakery-singapore-4
two-men-bagel-house-singapore,group-therapy-coffee-singapore,ps-cafe-singapore-8,wild-honey-singapore-3,chye-seng-huat-hardware-singapore
group-therapy-coffee-singapore,riders-cafe-singapore,ps-cafe-petit-singapore,food-for-thought-singapore,ps-cafe-singapore-8
nylon-coffee-roasters-singapore,group-therapy-coffee-singapore,maxwell-food-centre-singapore-3,tiong-bahru-bakery-singapore-4,chye-seng-huat-hardware-singapore
tiong-bahru-bakery-singapore-4,group-therapy-coffee-singapore,carpenter-and-cook-singapore,toms-palette-singapore,strangers-reunion-singapore
nylon-coffee-roasters-singapore,maxwell-food-centre-singapore-3,tiong-bahru-bakery-singapore-4,chye-seng-huat-hardware-singapore,oriole-coffee-bar-singapore-2
nylon-coffee-roasters-singapore,maxwell-food-centre-singapore-3,toms-palette-singapore,lau-pa-sat-singapore-2,the-book-cafe-singapore
nylon-coffee-roasters-singapore,toms-palette-singapore,ps-cafe-singapore-8,chye-seng-huat-hardware-singapore,tiong-bahru-bakery-singapore-4
chye-seng-huat-hardware-singapore,nylon-coffee-roasters-singapore,curious-palette-singapore,lau-pa-sat-singapore-2,the-populus-coffee-and-food-co-singapore
chye-seng-huat-hardware-singapore,maxwell-food-centre-singapore-3,kith-cafe-singapore,old-airport-road-food-centre-singapore,tobys-estate-singapore
nylon-coffee-roasters-singapore,maxwell-food-centre-singapore-3,strangers-reunion-singapore,chye-seng-huat-hardware-singapore,toms-palette-singapore
maxwell-food-centre-singapore-3,wild-honey-singapore-3,chye-seng-huat-hardware-singapore,nylon-coffee-roasters-singapore,group-therapy-coffee-singapore
chye-seng-huat-hardware-singapore,maxwell-food-centre-singapore-3,the-book-cafe-singapore,group-therapy-coffee-singapore,nylon-coffee-roasters-singapore
nylon-coffee-roasters-singapore,tobys-estate-singapore,tiong-bahru-bakery-singapore-4,paul-singapore-3,food-for-thought-singapore
riders-cafe-singapore,nylon-coffee-roasters-singapore,paul-singapore-3,wild-honey-singapore-3,food-for-thought-singapore
nylon-coffee-roasters-singapore,ps-cafe-singapore-8,tiong-bahru-bakery-singapore-4,maxwell-food-centre-singapore-3,toms-palette-singapore
maxwell-food-centre-singapore-3,nylon-coffee-roasters-singapore,oriole-coffee-bar-singapore-2,toms-palette-singapore,chye-seng-huat-hardware-singapore
nylon-coffee-roasters-singapore,balmoral-bakery-singapore,strangers-reunion-singapore,d-good-cafe-singapore,group-therapy-coffee-singapore
group-therapy-coffee-singapore,tiong-bahru-bakery-singapore-4,food-for-thought-singapore,wild-honey-singapore-3,maxwell-food-centre-singapore-3
maxwell-food-centre-singapore-3,nylon-coffee-roasters-singapore,toms-palette-singapore,tiong-bahru-bakery-singapore-4,chye-seng-huat-hardware-singapore
maxwell-food-centre-singapore-3,tiong-bahru-bakery-singapore-4,toms-palette-singapore,old-airport-road-food-centre-singapore,the-assembly-ground-singapore
chye-seng-huat-hardware-singapore,toms-palette-singapore,maxwell-food-centre-singapore-3,old-airport-road-food-centre-singapore,group-therapy-coffee-singapore
toms-palette-singapore,creamier-singapore,group-therapy-coffee-singapore,the-assembly-ground-singapore,nylon-coffee-roasters-singapore
group-therapy-coffee-singapore,food-for-thought-singapore,old-airport-road-food-centre-singapore,maxwell-food-centre-singapore-3,paul-singapore-3
nylon-coffee-roasters-singapore,chye-seng-huat-hardware-singapore,tiong-bahru-bakery-singapore-4,maxwell-food-centre-singapore-3,sunday-folks-singapore
nylon-coffee-roasters-singapore,maxwell-food-centre-singapore-3,toms-palette-singapore,tiong-bahru-bakery-singapore-4,sunday-folks-singapore
maxwell-food-centre-singapore-3,group-therapy-coffee-singapore,tobys-estate-singapore,oriole-coffee-bar-singapore-2,food-for-thought-singapore
maxwell-food-centre-singapore-3,penny-university-singapore,tiong-bahru-bakery-singapore-4,chye-seng-huat-hardware-singapore,nylon-coffee-roasters-singapore
maxwell-food-centre-singapore-3,nylon-coffee-roasters-singapore,tiong-bahru-bakery-singapore-4,chye-seng-huat-hardware-singapore,old-airport-road-food-centre-singapore
maxwell-food-centre-singapore-3,toms-palette-singapore,two-men-bagel-house-singapore,chye-seng-huat-hardware-singapore,ps-cafe-singapore-8
nylon-coffee-roasters-singapore,maxwell-food-centre-singapore-3,kith-cafe-singapore,tobys-estate-singapore,tiong-bahru-bakery-singapore-4
maxwell-food-centre-singapore-3,chye-seng-huat-hardware-singapore,the-book-cafe-singapore,strangers-reunion-singapore,two-men-bagel-house-singapore
chye-seng-huat-hardware-singapore,maxwell-food-centre-singapore-3,tiong-bahru-bakery-singapore-4,nylon-coffee-roasters-singapore,toms-palette-singapore
nylon-coffee-roasters-singapore,maxwell-food-centre-singapore-3,toms-palette-singapore,old-airport-road-food-centre-singapore,tiong-bahru-bakery-singapore-4
nylon-coffee-roasters-singapore,lau-pa-sat-singapore-2,chye-seng-huat-hardware-singapore,tiong-bahru-bakery-singapore-4,group-therapy-coffee-singapore
maxwell-food-centre-singapore-3,wild-honey-singapore-3,nylon-coffee-roasters-singapore,tiong-bahru-bakery-singapore-4,group-therapy-coffee-singapore
tiong-bahru-bakery-singapore-4,nylon-coffee-roasters-singapore,wild-honey-singapore-3,sunday-folks-singapore,maxwell-food-centre-singapore-3
nylon-coffee-roasters-singapore,maxwell-food-centre-singapore-3,toms-palette-singapore,chye-seng-huat-hardware-singapore,tiong-bahru-bakery-singapore-4
nylon-coffee-roasters-singapore,tiong-bahru-bakery-singapore-4,chye-seng-huat-hardware-singapore,lau-pa-sat-singapore-2,common-man-coffee-roasters-singapore
sunday-folks-singapore,the-populus-coffee-and-food-co-singapore,group-therapy-coffee-singapore,lau-pa-sat-singapore-2,nylon-coffee-roasters-singapore
maxwell-food-centre-singapore-3,chye-seng-huat-hardware-singapore,toms-palette-singapore,nylon-coffee-roasters-singapore,group-therapy-coffee-singapore
maxwell-food-centre-singapore-3,toms-palette-singapore,tiong-bahru-bakery-singapore-4,lau-pa-sat-singapore-2,tobys-estate-singapore
nylon-coffee-roasters-singapore,maxwell-food-centre-singapore-3,tiong-bahru-bakery-singapore-4,chye-seng-huat-hardware-singapore,tobys-estate-singapore
tiong-bahru-bakery-singapore-4,sunday-folks-singapore,chye-seng-huat-hardware-singapore,group-therapy-coffee-singapore,nylon-coffee-roasters-singapore
chye-seng-huat-hardware-singapore,group-therapy-coffee-singapore,nylon-coffee-roasters-singapore,food-for-thought-singapore,the-book-cafe-singapore
maxwell-food-centre-singapore-3,nylon-coffee-roasters-singapore,chye-seng-huat-hardware-singapore,group-therapy-coffee-singapore,tiong-bahru-bakery-singapore-4
maxwell-food-centre-singapore-3,nylon-coffee-roasters-singapore,oriole-coffee-bar-singapore-2,tiong-bahru-bakery-singapore-4,toms-palette-singapore
chye-seng-huat-hardware-singapore,group-therapy-coffee-singapore,maxwell-food-centre-singapore-3,food-for-thought-singapore,old-airport-road-food-centre-singapore
group-therapy-coffee-singapore,nylon-coffee-roasters-singapore,tiong-bahru-bakery-singapore-4,sunday-folks-singapore,maxwell-food-centre-singapore-3
nylon-coffee-roasters-singapore,maxwell-food-centre-singapore-3,tiong-bahru-bakery-singapore-4,toms-palette-singapore,lau-pa-sat-singapore-2
two-men-bagel-house-singapore,da-paolo-gastronomia-holland-village-singapore-2,strangers-reunion-singapore,riders-cafe-singapore,chapter-55-singapore
group-therapy-coffee-singapore,strangers-reunion-singapore,tiong-bahru-bakery-singapore-4,flor-patisserie-singapore,maxwell-food-centre-singapore-3
tiong-bahru-bakery-singapore-4,toms-palette-singapore,nylon-coffee-roasters-singapore,strangers-reunion-singapore,maxwell-food-centre-singapore-3
carpenter-and-cook-singapore,chye-seng-huat-hardware-singapore,wild-honey-singapore-3,yong-kee-seafood-restaurant-singapore,ladurée-singapore
maxwell-food-centre-singapore-3,group-therapy-coffee-singapore,chye-seng-huat-hardware-singapore,tiong-bahru-bakery-singapore-4,nylon-coffee-roasters-singapore
nylon-coffee-roasters-singapore,maxwell-food-centre-singapore-3,tiong-bahru-bakery-singapore-4,tobys-estate-singapore,toms-palette-singapore
nylon-coffee-roasters-singapore,maxwell-food-centre-singapore-3,chye-seng-huat-hardware-singapore,lau-pa-sat-singapore-2,oriole-coffee-bar-singapore-2
wild-honey-singapore-3,sunday-folks-singapore,toms-palette-singapore,group-therapy-coffee-singapore,d-good-cafe-singapore
group-therapy-coffee-singapore,old-airport-road-food-centre-singapore,oriole-coffee-bar-singapore-2,chye-seng-huat-hardware-singapore,food-for-thought-singapore
chye-seng-huat-hardware-singapore,maxwell-food-centre-singapore-3,toms-palette-singapore,drips-singapore,nylon-coffee-roasters-singapore
nylon-coffee-roasters-singapore,maxwell-food-centre-singapore-3,wild-honey-singapore-3,oriole-coffee-bar-singapore-2,group-therapy-coffee-singapore
toms-palette-singapore,tiong-bahru-bakery-singapore-4,w39-singapore,fika-singapore,freshly-baked-by-le-bijoux-singapore
tiong-bahru-bakery-singapore-4,nylon-coffee-roasters-singapore,d-good-cafe-singapore,wild-honey-singapore-3,maxwell-food-centre-singapore-3
nylon-coffee-roasters-singapore,tiong-bahru-bakery-singapore-4,ps-cafe-singapore-8,wild-honey-singapore-3,group-therapy-coffee-singapore
chye-seng-huat-hardware-singapore,old-airport-road-food-centre-singapore,the-book-cafe-singapore,ps-cafe-singapore-7,sweetspot-singapore-2
nylon-coffee-roasters-singapore,tobys-estate-singapore,maxwell-food-centre-singapore-3,chye-seng-huat-hardware-singapore,ps-cafe-singapore-8
oriole-coffee-bar-singapore-2,nylon-coffee-roasters-singapore,d-good-cafe-singapore,maxwell-food-centre-singapore-3,sunday-folks-singapore
chye-seng-huat-hardware-singapore,nylon-coffee-roasters-singapore,maxwell-food-centre-singapore-3,tiong-bahru-bakery-singapore-4,group-therapy-coffee-singapore
nylon-coffee-roasters-singapore,wild-honey-singapore-3,tiong-bahru-bakery-singapore-4,group-therapy-coffee-singapore,chye-seng-huat-hardware-singapore
toms-palette-singapore,two-men-bagel-house-singapore,the-book-cafe-singapore,fika-singapore,lau-pa-sat-singapore-2
chye-seng-huat-hardware-singapore,maxwell-food-centre-singapore-3,strangers-reunion-singapore,group-therapy-coffee-singapore,flor-patisserie-singapore
maxwell-food-centre-singapore-3,chye-seng-huat-hardware-singapore,toms-palette-singapore,tiong-bahru-bakery-singapore-4,tobys-estate-singapore
nylon-coffee-roasters-singapore,maxwell-food-centre-singapore-3,tiong-bahru-bakery-singapore-4,lau-pa-sat-singapore-2,chye-seng-huat-hardware-singapore
the-orange-thimble-singapore,strangers-reunion-singapore,tiong-bahru-bakery-singapore-4,toms-palette-singapore,maxwell-food-centre-singapore-3
tiong-bahru-bakery-singapore-4,nylon-coffee-roasters-singapore,toms-palette-singapore,wild-honey-singapore-3,pacamara-boutique-coffee-roasters-singapore
tiong-bahru-bakery-singapore-4,oriole-coffee-bar-singapore-2,sunday-folks-singapore,nylon-coffee-roasters-singapore,chye-seng-huat-hardware-singapore
toms-palette-singapore,nylon-coffee-roasters-singapore,tiong-bahru-bakery-singapore-3,strangers-reunion-singapore,ps-cafe-singapore-8
maxwell-food-centre-singapore-3,nylon-coffee-roasters-singapore,chye-seng-huat-hardware-singapore,tiong-bahru-bakery-singapore-4,food-for-thought-singapore
sunday-folks-singapore,pacamara-boutique-coffee-roasters-singapore,patisserie-g-singapore,lau-pa-sat-singapore-2,atlas-coffeehouse-singapore
nylon-coffee-roasters-singapore,pacamara-boutique-coffee-roasters-singapore,twg-tea-singapore-3,chye-seng-huat-hardware-singapore,ps-cafe-singapore-8
nylon-coffee-roasters-singapore,tiong-bahru-bakery-singapore-4,lau-pa-sat-singapore-2,wild-honey-singapore-3,group-therapy-coffee-singapore
maxwell-food-centre-singapore-3,nylon-coffee-roasters-singapore,chye-seng-huat-hardware-singapore,old-airport-road-food-centre-singapore,tiong-bahru-bakery-singapore-4
maxwell-food-centre-singapore-3,sunday-folks-singapore,tiong-bahru-bakery-singapore-4,old-airport-road-food-centre-singapore,oriole-coffee-bar-singapore-2
maxwell-food-centre-singapore-3,old-airport-road-food-centre-singapore,nylon-coffee-roasters-singapore,drips-singapore,baker-and-cook-singapore
group-therapy-coffee-singapore,oriole-coffee-bar-singapore-2,food-for-thought-singapore,maxwell-food-centre-singapore-3,the-assembly-ground-singapore
maxwell-food-centre-singapore-3,chye-seng-huat-hardware-singapore,nylon-coffee-roasters-singapore,tiong-bahru-bakery-singapore-4,oriole-coffee-bar-singapore-2
nylon-coffee-roasters-singapore,chye-seng-huat-hardware-singapore,ps-cafe-singapore-8,carpenter-and-cook-singapore,tiong-bahru-bakery-singapore-4
maxwell-food-centre-singapore-3,chye-seng-huat-hardware-singapore,toms-palette-singapore,nylon-coffee-roasters-singapore,lau-pa-sat-singapore-2
maxwell-food-centre-singapore-3,nylon-coffee-roasters-singapore,group-therapy-coffee-singapore,lau-pa-sat-singapore-2,chye-seng-huat-hardware-singapore
maxwell-food-centre-singapore-3,nylon-coffee-roasters-singapore,oriole-coffee-bar-singapore-2,clinton-street-baking-company-and-restaurant-singapore,lau-pa-sat-singapore-2
tiong-bahru-bakery-singapore-4,wild-honey-singapore-3,sunday-folks-singapore,maxwell-food-centre-singapore-3,nylon-coffee-roasters-singapore
tiong-bahru-bakery-singapore-4,nylon-coffee-roasters-singapore,ps-cafe-singapore-8,the-book-cafe-singapore,maxwell-food-centre-singapore-3
chye-seng-huat-hardware-singapore,nylon-coffee-roasters-singapore,kith-cafe-singapore,the-muffinry-bakery-and-cafe-singapore,carpenter-and-cook-singapore
maxwell-food-centre-singapore-3,wild-honey-singapore-3,kith-cafe-singapore,nylon-coffee-roasters-singapore,oriole-coffee-bar-singapore-2
maxwell-food-centre-singapore-3,toms-palette-singapore,tiong-bahru-bakery-singapore-4,group-therapy-coffee-singapore,lau-pa-sat-singapore-2
sunday-folks-singapore,old-airport-road-food-centre-singapore,nylon-coffee-roasters-singapore,maxwell-food-centre-singapore-3,tiong-bahru-bakery-singapore-4
maxwell-food-centre-singapore-3,chye-seng-huat-hardware-singapore,nylon-coffee-roasters-singapore,toms-palette-singapore,group-therapy-coffee-singapore
nylon-coffee-roasters-singapore,maxwell-food-centre-singapore-3,strangers-reunion-singapore,two-men-bagel-house-singapore,sunday-folks-singapore
nylon-coffee-roasters-singapore,group-therapy-coffee-singapore,tiong-bahru-bakery-singapore-4,maxwell-food-centre-singapore-3,food-for-thought-singapore
wild-honey-singapore-3,chye-seng-huat-hardware-singapore,nylon-coffee-roasters-singapore,maxwell-food-centre-singapore-3,oriole-coffee-bar-singapore-2
group-therapy-coffee-singapore,nylon-coffee-roasters-singapore,lau-pa-sat-singapore-2,wild-honey-singapore-3,maxwell-food-centre-singapore-3
group-therapy-coffee-singapore,tiong-bahru-bakery-singapore-4,paul-singapore-3,fika-singapore,chye-seng-huat-hardware-singapore
nylon-coffee-roasters-singapore,riders-cafe-singapore,ps-cafe-singapore-8,chye-seng-huat-hardware-singapore,tiong-bahru-food-market-and-hawker-centre-singapore
wild-honey-singapore-3,maxwell-food-centre-singapore-3,toms-palette-singapore,riders-cafe-singapore,group-therapy-coffee-singapore
nylon-coffee-roasters-singapore,sunday-folks-singapore,maxwell-food-centre-singapore-3,d-good-cafe-singapore,toms-palette-singapore
nylon-coffee-roasters-singapore,tiong-bahru-bakery-singapore-4,the-lokal-singapore,pantler-singapore,violet-oons-kitchen-singapore
nylon-coffee-roasters-singapore,chye-seng-huat-hardware-singapore,maxwell-food-centre-singapore-3,group-therapy-coffee-singapore,tiong-bahru-bakery-singapore-4
maxwell-food-centre-singapore-3,nylon-coffee-roasters-singapore,tiong-bahru-bakery-singapore-4,chye-seng-huat-hardware-singapore,two-men-bagel-house-singapore
maxwell-food-centre-singapore-3,tiong-bahru-bakery-singapore-4,nylon-coffee-roasters-singapore,chye-seng-huat-hardware-singapore,toms-palette-singapore
nylon-coffee-roasters-singapore,maxwell-food-centre-singapore-3,ps-cafe-singapore-8,group-therapy-coffee-singapore,wild-honey-singapore-3
two-men-bagel-house-singapore,common-man-coffee-roasters-singapore,kith-cafe-singapore,percolate-singapore,creamier-singapore
maxwell-food-centre-singapore-3,nylon-coffee-roasters-singapore,chye-seng-huat-hardware-singapore,tiong-bahru-bakery-singapore-4,toms-palette-singapore
maxwell-food-centre-singapore-3,group-therapy-coffee-singapore,nylon-coffee-roasters-singapore,chye-seng-huat-hardware-singapore,tobys-estate-singapore
riders-cafe-singapore,food-for-thought-singapore,old-airport-road-food-centre-singapore,flock-café-singapore,group-therapy-coffee-singapore
maxwell-food-centre-singapore-3,old-airport-road-food-centre-singapore,nylon-coffee-roasters-singapore,chye-seng-huat-hardware-singapore,tiong-bahru-bakery-singapore-4
maxwell-food-centre-singapore-3,two-men-bagel-house-singapore,ps-cafe-singapore-8,sunday-folks-singapore,group-therapy-coffee-singapore
toms-palette-singapore,maxwell-food-centre-singapore-3,nylon-coffee-roasters-singapore,old-airport-road-food-centre-singapore,chye-seng-huat-hardware-singapore
maxwell-food-centre-singapore-3,group-therapy-coffee-singapore,two-men-bagel-house-singapore,tiong-bahru-bakery-singapore-4,toms-palette-singapore
nylon-coffee-roasters-singapore,toms-palette-singapore,ps-cafe-singapore-8,chye-seng-huat-hardware-singapore,tiong-bahru-bakery-singapore-4
food-for-thought-singapore,maxwell-food-centre-singapore-3,nylon-coffee-roasters-singapore,riders-cafe-singapore,tiong-bahru-food-market-and-hawker-centre-singapore
tiong-bahru-bakery-singapore-4,nylon-coffee-roasters-singapore,maxwell-food-centre-singapore-3,chye-seng-huat-hardware-singapore,old-airport-road-food-centre-singapore
chye-seng-huat-hardware-singapore,tiong-bahru-bakery-singapore-4,maxwell-food-centre-singapore-3,toms-palette-singapore,oriole-coffee-bar-singapore-2
old-airport-road-food-centre-singapore,tiong-bahru-bakery-singapore-4,sunday-folks-singapore,paul-singapore-3,patisserie-g-singapore
maxwell-food-centre-singapore-3,chye-seng-huat-hardware-singapore,nylon-coffee-roasters-singapore,group-therapy-coffee-singapore,tiong-bahru-bakery-singapore-4
maxwell-food-centre-singapore-3,nylon-coffee-roasters-singapore,tiong-bahru-bakery-singapore-4,chye-seng-huat-hardware-singapore,group-therapy-coffee-singapore
nylon-coffee-roasters-singapore,tiong-bahru-bakery-singapore-4,old-airport-road-food-centre-singapore,group-therapy-coffee-singapore,food-for-thought-singapore
tiong-bahru-bakery-singapore-4,group-therapy-coffee-singapore,maxwell-food-centre-singapore-3,nylon-coffee-roasters-singapore,common-man-coffee-roasters-singapore
group-therapy-coffee-singapore,sunday-folks-singapore,wild-honey-singapore-3,food-for-thought-singapore,d-good-cafe-singapore
chye-seng-huat-hardware-singapore,group-therapy-coffee-singapore,carpenter-and-cook-singapore,maxwell-food-centre-singapore-3,symmetry-singapore
nylon-coffee-roasters-singapore,maxwell-food-centre-singapore-3,chye-seng-huat-hardware-singapore,tiong-bahru-bakery-singapore-4,d-good-cafe-singapore
freshly-baked-by-le-bijoux-singapore,foong-kee-coffee-shop-singapore,ps-cafe-singapore-8,tom-n-toms-coffee-singapore,brawn-and-brains-coffee-singapore
tiong-bahru-bakery-singapore-4,old-airport-road-food-centre-singapore,nylon-coffee-roasters-singapore,maxwell-food-centre-singapore-3,d-good-cafe-singapore
chye-seng-huat-hardware-singapore,kith-cafe-singapore,nylon-coffee-roasters-singapore,maxwell-food-centre-singapore-3,group-therapy-coffee-singapore
maxwell-food-centre-singapore-3,chye-seng-huat-hardware-singapore,nylon-coffee-roasters-singapore,wild-honey-singapore-3,sunday-folks-singapore
maxwell-food-centre-singapore-3,lau-pa-sat-singapore-2,toms-palette-singapore,nylon-coffee-roasters-singapore,the-book-cafe-singapore
nylon-coffee-roasters-singapore,old-airport-road-food-centre-singapore,toms-palette-singapore,tiong-bahru-bakery-singapore-4,chye-seng-huat-hardware-singapore
maxwell-food-centre-singapore-3,chye-seng-huat-hardware-singapore,nylon-coffee-roasters-singapore,food-for-thought-singapore,tiong-bahru-bakery-singapore-4
wild-honey-singapore-3,group-therapy-coffee-singapore,clinton-street-baking-company-and-restaurant-singapore,the-fabulous-baker-boy-singapore,choupinette-singapore
tobys-estate-singapore,group-therapy-coffee-singapore,maxwell-food-centre-singapore-3,chye-seng-huat-hardware-singapore,oriole-coffee-bar-singapore-2
nylon-coffee-roasters-singapore,maxwell-food-centre-singapore-3,chye-seng-huat-hardware-singapore,tiong-bahru-bakery-singapore-4,toms-palette-singapore
maxwell-food-centre-singapore-3,chye-seng-huat-hardware-singapore,kith-cafe-singapore,nylon-coffee-roasters-singapore,tobys-estate-singapore
group-therapy-coffee-singapore,maxwell-food-centre-singapore-3,food-for-thought-singapore,strangers-reunion-singapore,chye-seng-huat-hardware-singapore
maxwell-food-centre-singapore-3,toms-palette-singapore,ps-cafe-singapore-8,pantler-singapore,riders-cafe-singapore
tiong-bahru-bakery-singapore-4,nylon-coffee-roasters-singapore,common-man-coffee-roasters-singapore,group-therapy-coffee-singapore,strangers-reunion-singapore
tiong-bahru-bakery-singapore-4,toms-palette-singapore,nylon-coffee-roasters-singapore,maxwell-food-centre-singapore-3,sunday-folks-singapore
chye-seng-huat-hardware-singapore,d-good-cafe-singapore,tiong-bahru-bakery-singapore-4,group-therapy-coffee-singapore,symmetry-singapore
nylon-coffee-roasters-singapore,tiong-bahru-bakery-singapore-4,chye-seng-huat-hardware-singapore,lau-pa-sat-singapore-2,group-therapy-coffee-singapore
maxwell-food-centre-singapore-3,chye-seng-huat-hardware-singapore,nylon-coffee-roasters-singapore,wild-honey-singapore-3,food-for-thought-singapore
group-therapy-coffee-singapore,lau-pa-sat-singapore-2,nylon-coffee-roasters-singapore,tiong-bahru-food-market-and-hawker-centre-singapore,curious-palette-singapore
chye-seng-huat-hardware-singapore,the-book-cafe-singapore,sunday-folks-singapore,toms-palette-singapore,drury-lane-singapore
nylon-coffee-roasters-singapore,group-therapy-coffee-singapore,lau-pa-sat-singapore-2,maxwell-food-centre-singapore-3,oriole-coffee-bar-singapore-2
chye-seng-huat-hardware-singapore,drips-singapore,nylon-coffee-roasters-singapore,maxwell-food-centre-singapore-3,toms-palette-singapore
toms-palette-singapore,lau-pa-sat-singapore-2,nylon-coffee-roasters-singapore,maxwell-food-centre-singapore-3,group-therapy-coffee-singapore
tiong-bahru-bakery-singapore-4,sunday-folks-singapore,the-book-cafe-singapore,d-good-cafe-singapore,oriole-coffee-bar-singapore-2
nylon-coffee-roasters-singapore,tiong-bahru-bakery-singapore-4,maxwell-food-centre-singapore-3,toms-palette-singapore,chye-seng-huat-hardware-singapore
maxwell-food-centre-singapore-3,group-therapy-coffee-singapore,toms-palette-singapore,chye-seng-huat-hardware-singapore,nylon-coffee-roasters-singapore
tiong-bahru-bakery-singapore-4,chye-seng-huat-hardware-singapore,sunday-folks-singapore,group-therapy-coffee-singapore,oriole-coffee-bar-singapore-2
d-good-cafe-singapore,sunday-folks-singapore,the-book-cafe-singapore,old-airport-road-food-centre-singapore,group-therapy-coffee-singapore
nylon-coffee-roasters-singapore,the-book-cafe-singapore,tiong-bahru-bakery-singapore-4,group-therapy-coffee-singapore,common-man-coffee-roasters-singapore
maxwell-food-centre-singapore-3,nassim-hill-bakery-bistro-bar-singapore,sunday-folks-singapore,tiong-bahru-food-market-and-hawker-centre-singapore,tiong-bahru-bakery-singapore-4
nylon-coffee-roasters-singapore,tiong-bahru-bakery-singapore-4,oriole-coffee-bar-singapore-2,maxwell-food-centre-singapore-3,wild-honey-singapore-3
tiong-bahru-bakery-singapore,maxwell-food-centre-singapore-3,fika-singapore,the-populus-coffee-and-food-co-singapore,symmetry-singapore
group-therapy-coffee-singapore,wild-honey-singapore-3,maxwell-food-centre-singapore-3,strangers-reunion-singapore,nylon-coffee-roasters-singapore
tiong-bahru-bakery-singapore-4,sunday-folks-singapore,group-therapy-coffee-singapore,ps-cafe-singapore-8,d-good-cafe-singapore
nylon-coffee-roasters-singapore,maxwell-food-centre-singapore-3,chye-seng-huat-hardware-singapore,oriole-coffee-bar-singapore-2,tiong-bahru-bakery-singapore-4
maxwell-food-centre-singapore-3,the-book-cafe-singapore,nylon-coffee-roasters-singapore,common-man-coffee-roasters-singapore,lau-pa-sat-singapore-2
nylon-coffee-roasters-singapore,group-therapy-coffee-singapore,food-for-thought-singapore,the-book-cafe-singapore,wild-honey-singapore-3
sunday-folks-singapore,old-airport-road-food-centre-singapore,tolidos-espresso-nook-singapore-3,watanabe-coffee-singapore,chye-seng-huat-hardware-singapore
maxwell-food-centre-singapore-3,tiong-bahru-bakery-singapore-4,twg-tea-singapore-3,patisserie-g-singapore,le-cafe-confectionery-and-pastry-singapore
d-good-cafe-singapore,nylon-coffee-roasters-singapore,chye-seng-huat-hardware-singapore,maxwell-food-centre-singapore-3,food-for-thought-singapore
d-good-cafe-singapore,maxwell-food-centre-singapore-3,w39-singapore,baker-and-cook-singapore,violet-oons-kitchen-singapore
maxwell-food-centre-singapore-3,nylon-coffee-roasters-singapore,fika-singapore,sunday-folks-singapore,wild-honey-singapore-3
nylon-coffee-roasters-singapore,common-man-coffee-roasters-singapore,group-therapy-coffee-singapore,tiong-bahru-bakery-singapore-4,two-men-bagel-house-singapore
tobys-estate-singapore,maxwell-food-centre-singapore-3,oriole-coffee-bar-singapore-2,nylon-coffee-roasters-singapore,the-book-cafe-singapore
chye-seng-huat-hardware-singapore,creamier-singapore,maxwell-food-centre-singapore-3,paul-singapore-3,group-therapy-coffee-singapore
chye-seng-huat-hardware-singapore,maxwell-food-centre-singapore-3,nylon-coffee-roasters-singapore,carpenter-and-cook-singapore,ps-cafe-singapore-8
chye-seng-huat-hardware-singapore,nylon-coffee-roasters-singapore,maxwell-food-centre-singapore-3,tiong-bahru-bakery-singapore-4,toms-palette-singapore
toms-palette-singapore,nylon-coffee-roasters-singapore,chye-seng-huat-hardware-singapore,group-therapy-coffee-singapore,lau-pa-sat-singapore-2
maxwell-food-centre-singapore-3,old-airport-road-food-centre-singapore,ps-cafe-singapore-8,tiong-bahru-bakery-singapore-4,strangers-reunion-singapore
nylon-coffee-roasters-singapore,maxwell-food-centre-singapore-3,chye-seng-huat-hardware-singapore,patisserie-g-singapore,tiong-bahru-bakery-singapore-4
nylon-coffee-roasters-singapore,tiong-bahru-bakery-singapore-4,group-therapy-coffee-singapore,two-men-bagel-house-singapore,maxwell-food-centre-singapore-3
carpenter-and-cook-singapore,maxwell-food-centre-singapore-3,riders-cafe-singapore,tiong-bahru-bakery-singapore-4,fika-singapore
nylon-coffee-roasters-singapore,oriole-coffee-bar-singapore-2,maxwell-food-centre-singapore-3,tiong-bahru-bakery-singapore-4,chye-seng-huat-hardware-singapore
nylon-coffee-roasters-singapore,tiong-bahru-bakery-singapore-4,toms-palette-singapore,maxwell-food-centre-singapore-3,oriole-coffee-bar-singapore-2
old-hen-coffee-bar-singapore-2,nylon-coffee-roasters-singapore,tiong-bahru-bakery-singapore-3,toms-palette-singapore,the-coconut-club-singapore
wild-honey-singapore-3,the-disgruntled-chef-singapore,group-therapy-coffee-singapore,tiong-bahru-bakery-singapore-4,nylon-coffee-roasters-singapore
nylon-coffee-roasters-singapore,tiong-bahru-bakery-singapore-4,tobys-estate-singapore,maxwell-food-centre-singapore-3,d-good-cafe-singapore
tiong-bahru-bakery-singapore-4,maxwell-food-centre-singapore-3,nylon-coffee-roasters-singapore,chye-seng-huat-hardware-singapore,strangers-reunion-singapore
nylon-coffee-roasters-singapore,chye-seng-huat-hardware-singapore,tiong-bahru-bakery-singapore-4,lau-pa-sat-singapore-2,old-airport-road-food-centre-singapore
tiong-bahru-bakery-singapore-4,maxwell-food-centre-singapore-3,chye-seng-huat-hardware-singapore,carpenter-and-cook-singapore,group-therapy-coffee-singapore
maxwell-food-centre-singapore-3,nylon-coffee-roasters-singapore,chye-seng-huat-hardware-singapore,lau-pa-sat-singapore-2,tiong-bahru-bakery-singapore-4
nylon-coffee-roasters-singapore,group-therapy-coffee-singapore,tiong-bahru-bakery-singapore-4,maxwell-food-centre-singapore-3,drury-lane-singapore
chye-seng-huat-hardware-singapore,group-therapy-coffee-singapore,nylon-coffee-roasters-singapore,drury-lane-singapore,baker-and-cook-singapore
nylon-coffee-roasters-singapore,group-therapy-coffee-singapore,wild-honey-singapore-3,oriole-coffee-bar-singapore-2,two-men-bagel-house-singapore
nylon-coffee-roasters-singapore,maxwell-food-centre-singapore-3,tiong-bahru-bakery-singapore-4,chye-seng-huat-hardware-singapore,ps-cafe-singapore-8
maxwell-food-centre-singapore-3,chye-seng-huat-hardware-singapore,nylon-coffee-roasters-singapore,tiong-bahru-bakery-singapore-4,old-airport-road-food-centre-singapore
ps-cafe-singapore-7,nylon-coffee-roasters-singapore,toms-palette-singapore,ps-cafe-singapore-8,maxwell-food-centre-singapore-3
nylon-coffee-roasters-singapore,ps-cafe-singapore-8,two-men-bagel-house-singapore,the-book-cafe-singapore,group-therapy-coffee-singapore
nylon-coffee-roasters-singapore,tiong-bahru-bakery-singapore-4,the-assembly-ground-singapore,lau-pa-sat-singapore-2,toms-palette-singapore
maxwell-food-centre-singapore-3,nylon-coffee-roasters-singapore,chye-seng-huat-hardware-singapore,the-book-cafe-singapore,two-men-bagel-house-singapore
toms-palette-singapore,pacamara-boutique-coffee-roasters-singapore,tiong-bahru-bakery-singapore-4,two-men-bagel-house-singapore,pantler-singapore
maxwell-food-centre-singapore-3,toms-palette-singapore,tiong-bahru-bakery-singapore-4,nylon-coffee-roasters-singapore,old-airport-road-food-centre-singapore
jimmy-monkey-cafe-and-bar-singapore,sarnies-singapore,toms-palette-singapore,sunday-folks-singapore,group-therapy-coffee-singapore
nylon-coffee-roasters-singapore,maxwell-food-centre-singapore-3,the-book-cafe-singapore,the-populus-coffee-and-food-co-singapore,two-men-bagel-house-singapore
tiong-bahru-bakery-singapore-4,nylon-coffee-roasters-singapore,group-therapy-coffee-singapore,chye-seng-huat-hardware-singapore,lau-pa-sat-singapore-2
tiong-bahru-bakery-singapore-4,penny-university-singapore,hoshino-coffee-singapore,strangers-reunion-singapore,sunday-folks-singapore
nylon-coffee-roasters-singapore,toms-palette-singapore,maxwell-food-centre-singapore-3,strangers-reunion-singapore,oriole-coffee-bar-singapore-2
nylon-coffee-roasters-singapore,maxwell-food-centre-singapore-3,lau-pa-sat-singapore-2,chye-seng-huat-hardware-singapore,tiong-bahru-bakery-singapore-4
nylon-coffee-roasters-singapore,jimmy-monkey-cafe-and-bar-singapore,tiong-bahru-bakery-singapore-4,food-for-thought-singapore,maxwell-food-centre-singapore-3
maxwell-food-centre-singapore-3,ps-cafe-singapore-8,nylon-coffee-roasters-singapore,tiong-bahru-bakery-singapore-4,two-men-bagel-house-singapore
nylon-coffee-roasters-singapore,group-therapy-coffee-singapore,tiong-bahru-bakery-singapore-4,toms-palette-singapore,lau-pa-sat-singapore-2
maxwell-food-centre-singapore-3,tiong-bahru-bakery-singapore-4,chye-seng-huat-hardware-singapore,nylon-coffee-roasters-singapore,group-therapy-coffee-singapore
the-populus-coffee-and-food-co-singapore,the-garden-slug-singapore,hong-lim-market-and-food-centre-singapore,lau-pa-sat-singapore-2,toms-palette-singapore
group-therapy-coffee-singapore,nylon-coffee-roasters-singapore,lau-pa-sat-singapore-2,maxwell-food-centre-singapore-3,food-for-thought-singapore
penny-university-singapore,two-men-bagel-house-singapore,tiong-bahru-bakery-singapore-4,maxwell-food-centre-singapore-3,ps-cafe-petit-singapore
nylon-coffee-roasters-singapore,chye-seng-huat-hardware-singapore,tiong-bahru-bakery-singapore-4,lau-pa-sat-singapore-2,toms-palette-singapore
maxwell-food-centre-singapore-3,chye-seng-huat-hardware-singapore,old-airport-road-food-centre-singapore,riders-cafe-singapore,nylon-coffee-roasters-singapore
nylon-coffee-roasters-singapore,chye-seng-huat-hardware-singapore,oriole-coffee-bar-singapore-2,two-men-bagel-house-singapore,tiong-bahru-bakery-singapore-4
tiong-bahru-bakery-singapore-4,ps-cafe-singapore-8,nylon-coffee-roasters-singapore,maxwell-food-centre-singapore-3,food-for-thought-singapore
maxwell-food-centre-singapore-3,group-therapy-coffee-singapore,chye-seng-huat-hardware-singapore,nylon-coffee-roasters-singapore,paul-singapore-3
group-therapy-coffee-singapore,nylon-coffee-roasters-singapore,chye-seng-huat-hardware-singapore,maxwell-food-centre-singapore-3,oriole-coffee-bar-singapore-2
maxwell-food-centre-singapore-3,nylon-coffee-roasters-singapore,chye-seng-huat-hardware-singapore,lau-pa-sat-singapore-2,carpenter-and-cook-singapore
maxwell-food-centre-singapore-3,toms-palette-singapore,wild-honey-singapore-3,nylon-coffee-roasters-singapore,old-airport-road-food-centre-singapore
nylon-coffee-roasters-singapore,tiong-bahru-bakery-singapore-4,maxwell-food-centre-singapore-3,chye-seng-huat-hardware-singapore,d-good-cafe-singapore
nylon-coffee-roasters-singapore,tiong-bahru-bakery-singapore-4,chye-seng-huat-hardware-singapore,group-therapy-coffee-singapore,oriole-coffee-bar-singapore-2
nylon-coffee-roasters-singapore,oriole-coffee-bar-singapore-2,tiong-bahru-bakery-singapore-4,wild-honey-singapore-3,chye-seng-huat-hardware-singapore
maxwell-food-centre-singapore-3,tiong-bahru-bakery-singapore-4,strangers-reunion-singapore,lau-pa-sat-singapore-2,chye-seng-huat-hardware-singapore
food-for-thought-singapore,group-therapy-coffee-singapore,waterfall-cafe-singapore,cafe-melba-singapore,tiong-bahru-bakery-singapore-4
nylon-coffee-roasters-singapore,two-men-bagel-house-singapore,maxwell-food-centre-singapore-3,tiong-bahru-bakery-singapore-4,group-therapy-coffee-singapore
nylon-coffee-roasters-singapore,tiong-bahru-bakery-singapore-4,chye-seng-huat-hardware-singapore,maxwell-food-centre-singapore-3,wild-honey-singapore-3
maxwell-food-centre-singapore-3,tiong-bahru-bakery-singapore-4,nylon-coffee-roasters-singapore,toms-palette-singapore,old-airport-road-food-centre-singapore
toms-palette-singapore,nylon-coffee-roasters-singapore,maxwell-food-centre-singapore-3,group-therapy-coffee-singapore,chye-seng-huat-hardware-singapore
wild-honey-singapore-3,chye-seng-huat-hardware-singapore,tiong-bahru-bakery-singapore-4,food-for-thought-singapore,group-therapy-coffee-singapore
nylon-coffee-roasters-singapore,tiong-bahru-bakery-singapore-4,toms-palette-singapore,maxwell-food-centre-singapore-3,group-therapy-coffee-singapore
nylon-coffee-roasters-singapore,maxwell-food-centre-singapore-3,oriole-coffee-bar-singapore-2,tiong-bahru-bakery-singapore-4,sunday-folks-singapore
nylon-coffee-roasters-singapore,maxwell-food-centre-singapore-3,toms-palette-singapore,chye-seng-huat-hardware-singapore,nassim-hill-bakery-bistro-bar-singapore
maxwell-food-centre-singapore-3,nylon-coffee-roasters-singapore,chye-seng-huat-hardware-singapore,tiong-bahru-bakery-singapore-4,toms-palette-singapore
tiong-bahru-bakery-singapore-4,nylon-coffee-roasters-singapore,maxwell-food-centre-singapore-3,chye-seng-huat-hardware-singapore,toms-palette-singapore
nylon-coffee-roasters-singapore,the-coconut-club-singapore,maxwell-food-centre-singapore-3,stateland-cafe-singapore,tarte-by-cheryl-koh-singapore
nylon-coffee-roasters-singapore,chye-seng-huat-hardware-singapore,maxwell-food-centre-singapore-3,tiong-bahru-bakery-singapore-4,carpenter-and-cook-singapore
jones-the-grocer-singapore-3,maxwell-food-centre-singapore-3,chye-seng-huat-hardware-singapore,old-airport-road-food-centre-singapore,group-therapy-coffee-singapore
nylon-coffee-roasters-singapore,tiong-bahru-bakery-singapore-4,maxwell-food-centre-singapore-3,chye-seng-huat-hardware-singapore,toms-palette-singapore
old-airport-road-food-centre-singapore,oriole-coffee-bar-singapore-2,food-for-thought-singapore,group-therapy-coffee-singapore,maison-kayser-singapore
nylon-coffee-roasters-singapore,tiong-bahru-bakery-singapore-4,maxwell-food-centre-singapore-3,lau-pa-sat-singapore-2,common-man-coffee-roasters-singapore
nylon-coffee-roasters-singapore,tiong-bahru-bakery-singapore-4,pacamara-boutique-coffee-roasters-singapore,the-lokal-singapore,strangers-reunion-singapore
the-assembly-ground-singapore,group-therapy-coffee-singapore,chye-seng-huat-hardware-singapore,food-for-thought-singapore,strangers-reunion-singapore
nylon-coffee-roasters-singapore,tobys-estate-singapore,the-orange-thimble-singapore,maxwell-food-centre-singapore-3,oriole-coffee-bar-singapore-2
common-man-coffee-roasters-singapore,nylon-coffee-roasters-singapore,oriole-coffee-bar-singapore-2,fika-singapore,the-book-cafe-singapore
nylon-coffee-roasters-singapore,maxwell-food-centre-singapore-3,toms-palette-singapore,tiong-bahru-bakery-singapore-4,pacamara-boutique-coffee-roasters-singapore
nylon-coffee-roasters-singapore,chye-seng-huat-hardware-singapore,lau-pa-sat-singapore-2,tiong-bahru-bakery-singapore-4,toms-palette-singapore
the-book-cafe-singapore,d-good-cafe-singapore,boufe-boutique-cafe-singapore,oriole-coffee-bar-singapore-2,toms-palette-singapore
nylon-coffee-roasters-singapore,chye-seng-huat-hardware-singapore,maxwell-food-centre-singapore-3,toms-palette-singapore,sarnies-singapore
nylon-coffee-roasters-singapore,chye-seng-huat-hardware-singapore,tiong-bahru-bakery-singapore-4,food-for-thought-singapore,pacamara-boutique-coffee-roasters-singapore
chye-seng-huat-hardware-singapore,nylon-coffee-roasters-singapore,sunday-folks-singapore,maxwell-food-centre-singapore-3,lau-pa-sat-singapore-2
nylon-coffee-roasters-singapore,toms-palette-singapore,chye-seng-huat-hardware-singapore,group-therapy-coffee-singapore,ps-cafe-singapore-8
maxwell-food-centre-singapore-3,nylon-coffee-roasters-singapore,tiong-bahru-bakery-singapore-4,chye-seng-huat-hardware-singapore,old-airport-road-food-centre-singapore
nylon-coffee-roasters-singapore,maxwell-food-centre-singapore-3,toms-palette-singapore,level33-singapore-4,lau-pa-sat-singapore-2
maxwell-food-centre-singapore-3,nylon-coffee-roasters-singapore,lau-pa-sat-singapore-2,oriole-coffee-bar-singapore-2,chye-seng-huat-hardware-singapore
wild-honey-singapore-3,chye-seng-huat-hardware-singapore,the-book-cafe-singapore,group-therapy-coffee-singapore,food-for-thought-singapore
nylon-coffee-roasters-singapore,maxwell-food-centre-singapore-3,tiong-bahru-bakery-singapore-4,group-therapy-coffee-singapore,chye-seng-huat-hardware-singapore
nylon-coffee-roasters-singapore,toms-palette-singapore,maxwell-food-centre-singapore-3,tiong-bahru-bakery-singapore-4,group-therapy-coffee-singapore
maxwell-food-centre-singapore-3,tiong-bahru-bakery-singapore-4,nylon-coffee-roasters-singapore,group-therapy-coffee-singapore,two-men-bagel-house-singapore
nylon-coffee-roasters-singapore,maxwell-food-centre-singapore-3,group-therapy-coffee-singapore,chye-seng-huat-hardware-singapore,tiong-bahru-bakery-singapore-4
nylon-coffee-roasters-singapore,tiong-bahru-bakery-singapore-4,tobys-estate-singapore,sunday-folks-singapore,maxwell-food-centre-singapore-3
nylon-coffee-roasters-singapore,toms-palette-singapore,maxwell-food-centre-singapore-3,chye-seng-huat-hardware-singapore,tobys-estate-singapore
maxwell-food-centre-singapore-3,nylon-coffee-roasters-singapore,nassim-hill-bakery-bistro-bar-singapore,toms-palette-singapore,tiong-bahru-bakery-singapore-4
maxwell-food-centre-singapore-3,tiong-bahru-bakery-singapore-4,nylon-coffee-roasters-singapore,chye-seng-huat-hardware-singapore,wild-honey-singapore-3
the-assembly-ground-singapore,chye-seng-huat-hardware-singapore,wild-honey-singapore-3,maxwell-food-centre-singapore-3,nylon-coffee-roasters-singapore
group-therapy-coffee-singapore,nylon-coffee-roasters-singapore,chye-seng-huat-hardware-singapore,toms-palette-singapore,lau-pa-sat-singapore-2
maxwell-food-centre-singapore-3,tiong-bahru-bakery-singapore-4,nylon-coffee-roasters-singapore,toms-palette-singapore,group-therapy-coffee-singapore
food-for-thought-singapore,d-good-cafe-singapore,group-therapy-coffee-singapore,nylon-coffee-roasters-singapore,wild-honey-singapore-3
jewel-coffee-singapore-8,toms-palette-singapore,drury-lane-singapore,nassim-hill-bakery-bistro-bar-singapore,foong-kee-coffee-shop-singapore
maxwell-food-centre-singapore-3,nylon-coffee-roasters-singapore,toms-palette-singapore,chye-seng-huat-hardware-singapore,lau-pa-sat-singapore-2
ps-cafe-petit-singapore,tiong-bahru-bakery-singapore-4,food-for-thought-singapore,group-therapy-coffee-singapore,symmetry-singapore
group-therapy-coffee-singapore,maxwell-food-centre-singapore-3,food-for-thought-singapore,chye-seng-huat-hardware-singapore,wild-honey-singapore-3
tiong-bahru-bakery-singapore-4,nylon-coffee-roasters-singapore,tobys-estate-singapore,toms-palette-singapore,maxwell-food-centre-singapore-3
chye-seng-huat-hardware-singapore,nylon-coffee-roasters-singapore,choupinette-singapore,maxwell-food-centre-singapore-3,group-therapy-coffee-singapore
chye-seng-huat-hardware-singapore,nylon-coffee-roasters-singapore,maxwell-food-centre-singapore-3,oriole-coffee-bar-singapore-2,wild-honey-singapore-3
maxwell-food-centre-singapore-3,the-lokal-singapore,strangers-reunion-singapore,lau-pa-sat-singapore-2,curious-palette-singapore
nylon-coffee-roasters-singapore,maxwell-food-centre-singapore-3,tiong-bahru-bakery-singapore-4,two-men-bagel-house-singapore,d-good-cafe-singapore
tiong-bahru-bakery-singapore-4,sunday-folks-singapore,pacamara-boutique-coffee-roasters-singapore,ps-cafe-singapore-8,spize-singapore-2
maxwell-food-centre-singapore-3,group-therapy-coffee-singapore,tiong-bahru-bakery-singapore-4,nylon-coffee-roasters-singapore,chye-seng-huat-hardware-singapore
nylon-coffee-roasters-singapore,tiong-bahru-bakery-singapore-4,atlas-coffeehouse-singapore,maxwell-food-centre-singapore-3,sarnies-singapore
maxwell-food-centre-singapore-3,tiong-bahru-bakery-singapore-4,food-for-thought-singapore,strangers-reunion-singapore,chye-seng-huat-hardware-singapore
tiong-bahru-bakery-singapore-4,group-therapy-coffee-singapore,nylon-coffee-roasters-singapore,lau-pa-sat-singapore-2,the-book-cafe-singapore
old-airport-road-food-centre-singapore,toms-palette-singapore,ps-cafe-singapore-7,nanyang-old-coffee-singapore,strangers-reunion-singapore
maxwell-food-centre-singapore-3,nylon-coffee-roasters-singapore,tiong-bahru-bakery-singapore-4,group-therapy-coffee-singapore,chye-seng-huat-hardware-singapore
toms-palette-singapore,chye-seng-huat-hardware-singapore,tobys-estate-singapore,tiong-bahru-bakery-singapore-4,group-therapy-coffee-singapore
nylon-coffee-roasters-singapore,ps-cafe-singapore-8,group-therapy-coffee-singapore,creamier-singapore,wild-honey-singapore-3
maxwell-food-centre-singapore-3,tiong-bahru-bakery-singapore-4,nylon-coffee-roasters-singapore,toms-palette-singapore,the-book-cafe-singapore
nylon-coffee-roasters-singapore,maxwell-food-centre-singapore-3,jimmy-monkey-cafe-and-bar-singapore,oriole-coffee-bar-singapore-2,the-assembly-ground-singapore
nylon-coffee-roasters-singapore,oriole-coffee-bar-singapore-2,group-therapy-coffee-singapore,chye-seng-huat-hardware-singapore,tiong-bahru-bakery-singapore-4
oriole-coffee-bar-singapore-2,common-man-coffee-roasters-singapore,wild-honey-singapore-3,two-men-bagel-house-singapore,paul-singapore-3
old-airport-road-food-centre-singapore,toms-palette-singapore,violet-oons-kitchen-singapore,maxwell-food-centre-singapore-3,symmetry-singapore
tiong-bahru-bakery-singapore-4,paul-singapore-3,ps-cafe-singapore-8,nylon-coffee-roasters-singapore,chye-seng-huat-hardware-singapore
maxwell-food-centre-singapore-3,chye-seng-huat-hardware-singapore,common-man-coffee-roasters-singapore,old-airport-road-food-centre-singapore,group-therapy-coffee-singapore
toms-palette-singapore,nylon-coffee-roasters-singapore,group-therapy-coffee-singapore,maxwell-food-centre-singapore-3,tiong-bahru-bakery-singapore-4
nylon-coffee-roasters-singapore,tiong-bahru-bakery-singapore-4,group-therapy-coffee-singapore,two-men-bagel-house-singapore,chye-seng-huat-hardware-singapore
nylon-coffee-roasters-singapore,tiong-bahru-bakery-singapore-4,maxwell-food-centre-singapore-3,wild-honey-singapore-3,chye-seng-huat-hardware-singapore
tiong-bahru-bakery-singapore-4,nylon-coffee-roasters-singapore,toms-palette-singapore,maxwell-food-centre-singapore-3,group-therapy-coffee-singapore
nylon-coffee-roasters-singapore,maxwell-food-centre-singapore-3,tiong-bahru-bakery-singapore-4,common-man-coffee-roasters-singapore,tobys-estate-singapore
maxwell-food-centre-singapore-3,chye-seng-huat-hardware-singapore,tiong-bahru-bakery-singapore-4,nylon-coffee-roasters-singapore,lau-pa-sat-singapore-2
maxwell-food-centre-singapore-3,common-man-coffee-roasters-singapore,the-book-cafe-singapore,tiong-bahru-bakery-singapore-4,chye-seng-huat-hardware-singapore
tiong-bahru-bakery-singapore-4,maxwell-food-centre-singapore-3,chye-seng-huat-hardware-singapore,nylon-coffee-roasters-singapore,the-book-cafe-singapore
maxwell-food-centre-singapore-3,clinton-street-baking-company-and-restaurant-singapore,tiong-bahru-bakery-singapore-4,chye-seng-huat-hardware-singapore,food-for-thought-singapore
nylon-coffee-roasters-singapore,tiong-bahru-bakery-singapore-4,ps-cafe-singapore-8,maxwell-food-centre-singapore-3,sunday-folks-singapore
maxwell-food-centre-singapore-3,nylon-coffee-roasters-singapore,tiong-bahru-bakery-singapore-4,my-awesome-cafe-singapore,lau-pa-sat-singapore-2
maxwell-food-centre-singapore-3,tiong-bahru-bakery-singapore-4,riders-cafe-singapore,d-good-cafe-singapore,sunday-folks-singapore
group-therapy-coffee-singapore,chye-seng-huat-hardware-singapore,the-book-cafe-singapore,craftsmen-specialty-coffee-singapore,sarnies-singapore
nylon-coffee-roasters-singapore,tiong-bahru-bakery-singapore-4,group-therapy-coffee-singapore,toms-palette-singapore,maxwell-food-centre-singapore-3
toms-palette-singapore,nylon-coffee-roasters-singapore,oriole-coffee-bar-singapore-2,maxwell-food-centre-singapore-3,wild-honey-singapore-3
nylon-coffee-roasters-singapore,tiong-bahru-bakery-singapore-4,lau-pa-sat-singapore-2,group-therapy-coffee-singapore,patisserie-g-singapore
group-therapy-coffee-singapore,tiong-bahru-bakery-singapore-4,wild-honey-singapore-3,d-good-cafe-singapore,old-airport-road-food-centre-singapore
nylon-coffee-roasters-singapore,maxwell-food-centre-singapore-3,tiong-bahru-bakery-singapore-4,two-men-bagel-house-singapore,toms-palette-singapore
sunday-folks-singapore,lau-pa-sat-singapore-2,wild-honey-singapore-3,nylon-coffee-roasters-singapore,chye-seng-huat-hardware-singapore
group-therapy-coffee-singapore,tiong-bahru-bakery-singapore-4,the-book-cafe-singapore,watanabe-coffee-singapore,yu-kee-duck-rice-singapore-2
strangers-reunion-singapore,chye-seng-huat-hardware-singapore,tiong-bahru-bakery-singapore-4,group-therapy-coffee-singapore,maxwell-food-centre-singapore-3
maxwell-food-centre-singapore-3,toms-palette-singapore,tiong-bahru-bakery-singapore-4,oriole-coffee-bar-singapore-2,group-therapy-coffee-singapore
nylon-coffee-roasters-singapore,maxwell-food-centre-singapore-3,tiong-bahru-bakery-singapore-4,chye-seng-huat-hardware-singapore,oriole-coffee-bar-singapore-2
maxwell-food-centre-singapore-3,tiong-bahru-bakery-singapore-4,lau-pa-sat-singapore-2,the-assembly-ground-singapore,oriole-coffee-bar-singapore-2
d-good-cafe-singapore,food-for-thought-singapore,tiong-bahru-bakery-singapore-4,group-therapy-coffee-singapore,nylon-coffee-roasters-singapore
chye-seng-huat-hardware-singapore,the-lokal-singapore,ps-cafe-singapore-8,the-bravery-cafe-singapore,tiong-bahru-food-market-and-hawker-centre-singapore
chye-seng-huat-hardware-singapore,group-therapy-coffee-singapore,symmetry-singapore,level33-singapore-4,nylon-coffee-roasters-singapore
oriole-coffee-bar-singapore-2,group-therapy-coffee-singapore,wild-honey-singapore-3,the-book-cafe-singapore,drips-singapore
tiong-bahru-bakery-singapore-4,nylon-coffee-roasters-singapore,chye-seng-huat-hardware-singapore,group-therapy-coffee-singapore,sunday-folks-singapore
nylon-coffee-roasters-singapore,the-book-cafe-singapore,sunday-folks-singapore,killiney-kopitiam-singapore-4,group-therapy-coffee-singapore
maxwell-food-centre-singapore-3,nylon-coffee-roasters-singapore,chye-seng-huat-hardware-singapore,symmetry-singapore,carpenter-and-cook-singapore
group-therapy-coffee-singapore,nylon-coffee-roasters-singapore,tobys-estate-singapore,toms-palette-singapore,chye-seng-huat-hardware-singapore
nylon-coffee-roasters-singapore,oriole-coffee-bar-singapore-2,two-men-bagel-house-singapore,tiong-bahru-bakery-singapore-4,symmetry-singapore
maxwell-food-centre-singapore-3,paul-singapore-3,sunday-folks-singapore,chye-seng-huat-hardware-singapore,tiong-bahru-bakery-singapore-4
tiong-bahru-bakery-singapore-4,group-therapy-coffee-singapore,nylon-coffee-roasters-singapore,common-man-coffee-roasters-singapore,chye-seng-huat-hardware-singapore
tiong-bahru-bakery-singapore-4,nylon-coffee-roasters-singapore,maxwell-food-centre-singapore-3,toms-palette-singapore,chye-seng-huat-hardware-singapore
tiong-bahru-bakery-singapore-4,d-good-cafe-singapore,nylon-coffee-roasters-singapore,chye-seng-huat-hardware-singapore,old-airport-road-food-centre-singapore
nylon-coffee-roasters-singapore,chye-seng-huat-hardware-singapore,tiong-bahru-bakery-singapore-4,group-therapy-coffee-singapore,lau-pa-sat-singapore-2
maxwell-food-centre-singapore-3,nylon-coffee-roasters-singapore,group-therapy-coffee-singapore,lau-pa-sat-singapore-2,food-for-thought-singapore
maxwell-food-centre-singapore-3,group-therapy-coffee-singapore,nylon-coffee-roasters-singapore,chye-seng-huat-hardware-singapore,tiong-bahru-bakery-singapore-4
tobys-estate-singapore,nylon-coffee-roasters-singapore,group-therapy-coffee-singapore,toms-palette-singapore,common-man-coffee-roasters-singapore
sunday-folks-singapore,maxwell-food-centre-singapore-3,ps-cafe-singapore-8,nylon-coffee-roasters-singapore,toms-palette-singapore
tiong-bahru-bakery-singapore-4,nylon-coffee-roasters-singapore,chye-seng-huat-hardware-singapore,wild-honey-singapore-3,group-therapy-coffee-singapore
sunday-folks-singapore,balmoral-bakery-singapore,maxwell-food-centre-singapore-3,d-good-cafe-singapore,tiong-bahru-bakery-singapore-4
nylon-coffee-roasters-singapore,tiong-bahru-bakery-singapore-4,maxwell-food-centre-singapore-3,sunday-folks-singapore,chye-seng-huat-hardware-singapore
nylon-coffee-roasters-singapore,oriole-coffee-bar-singapore-2,maxwell-food-centre-singapore-3,drury-lane-singapore,tiong-bahru-bakery-singapore-4
tiong-bahru-bakery-singapore-4,wild-honey-singapore-3,nylon-coffee-roasters-singapore,two-men-bagel-house-singapore,sunday-folks-singapore
tiong-bahru-bakery-singapore-4,nylon-coffee-roasters-singapore,sunday-folks-singapore,wild-honey-singapore-3,group-therapy-coffee-singapore
lau-pa-sat-singapore-2,wild-honey-singapore-3,two-men-bagel-house-singapore,starbucks-singapore-23,the-book-cafe-singapore
group-therapy-coffee-singapore,oriole-coffee-bar-singapore-2,nylon-coffee-roasters-singapore,lau-pa-sat-singapore-2,toms-palette-singapore
maxwell-food-centre-singapore-3,tiong-bahru-bakery-singapore-4,nylon-coffee-roasters-singapore,toms-palette-singapore,pacamara-boutique-coffee-roasters-singapore
group-therapy-coffee-singapore,nylon-coffee-roasters-singapore,the-populus-coffee-and-food-co-singapore,oriole-coffee-bar-singapore-2,common-man-coffee-roasters-singapore
chye-seng-huat-hardware-singapore,toms-palette-singapore,nylon-coffee-roasters-singapore,maxwell-food-centre-singapore-3,drips-singapore
tiong-bahru-bakery-singapore-4,old-airport-road-food-centre-singapore,two-men-bagel-house-singapore,maxwell-food-centre-singapore-3,nylon-coffee-roasters-singapore
nylon-coffee-roasters-singapore,old-airport-road-food-centre-singapore,tobys-estate-singapore,lau-pa-sat-singapore-2,plain-vanilla-bakery-singapore-2
maxwell-food-centre-singapore-3,nylon-coffee-roasters-singapore,oriole-coffee-bar-singapore-2,tiong-bahru-bakery-singapore-4,wild-honey-singapore-3
nylon-coffee-roasters-singapore,chye-seng-huat-hardware-singapore,toms-palette-singapore,baker-and-cook-singapore,sarnies-singapore
chye-seng-huat-hardware-singapore,sunday-folks-singapore,wild-honey-singapore-3,tiong-bahru-bakery-singapore-4,toms-palette-singapore
wild-honey-singapore-3,tiong-bahru-bakery-singapore-4,riders-cafe-singapore,clinton-street-baking-company-and-restaurant-singapore,toms-palette-singapore
toms-palette-singapore,chye-seng-huat-hardware-singapore,nylon-coffee-roasters-singapore,the-book-cafe-singapore,maxwell-food-centre-singapore-3
nylon-coffee-roasters-singapore,chye-seng-huat-hardware-singapore,group-therapy-coffee-singapore,tiong-bahru-bakery-singapore-4,maxwell-food-centre-singapore-3
chye-seng-huat-hardware-singapore,ps-cafe-singapore-7,d-good-cafe-singapore,tiong-bahru-bakery-singapore-4,wild-honey-singapore-3
tiong-bahru-bakery-singapore-4,maxwell-food-centre-singapore-3,nylon-coffee-roasters-singapore,oriole-coffee-bar-singapore-2,toms-palette-singapore
maxwell-food-centre-singapore-3,tiong-bahru-bakery-singapore-4,two-men-bagel-house-singapore,chye-seng-huat-hardware-singapore,group-therapy-coffee-singapore
strangers-reunion-singapore,the-populus-coffee-and-food-co-singapore,nylon-coffee-roasters-singapore,oriole-coffee-bar-singapore-2,lau-pa-sat-singapore-2
maxwell-food-centre-singapore-3,nylon-coffee-roasters-singapore,tiong-bahru-bakery-singapore-4,d-good-cafe-singapore,chye-seng-huat-hardware-singapore
toms-palette-singapore,nylon-coffee-roasters-singapore,sarnies-singapore,oriole-coffee-bar-singapore-2,maxwell-food-centre-singapore-3
maxwell-food-centre-singapore-3,nylon-coffee-roasters-singapore,old-airport-road-food-centre-singapore,chye-seng-huat-hardware-singapore,drips-singapore
nylon-coffee-roasters-singapore,drury-lane-singapore,group-therapy-coffee-singapore,maxwell-food-centre-singapore-3,common-man-coffee-roasters-singapore
group-therapy-coffee-singapore,chye-seng-huat-hardware-singapore,maxwell-food-centre-singapore-3,paul-singapore-3,tiong-bahru-bakery-singapore-4
maxwell-food-centre-singapore-3,old-airport-road-food-centre-singapore,creamier-singapore,tiong-bahru-bakery-singapore-4,w39-singapore
tiong-bahru-bakery-singapore-4,nylon-coffee-roasters-singapore,ps-cafe-petit-singapore,maxwell-food-centre-singapore-3,chye-seng-huat-hardware-singapore
wild-honey-singapore-3,the-lokal-singapore,group-therapy-coffee-singapore,sunday-folks-singapore,paul-singapore-3
maxwell-food-centre-singapore-3,toms-palette-singapore,nylon-coffee-roasters-singapore,tiong-bahru-bakery-singapore-4,group-therapy-coffee-singapore
maxwell-food-centre-singapore-3,paul-singapore-3,lau-pa-sat-singapore-2,the-book-cafe-singapore,curious-palette-singapore
nylon-coffee-roasters-singapore,the-assembly-ground-singapore,d-good-cafe-singapore,chye-seng-huat-hardware-singapore,maxwell-food-centre-singapore-3
nylon-coffee-roasters-singapore,tiong-bahru-bakery-singapore-4,strangers-reunion-singapore,sunday-folks-singapore,chye-seng-huat-hardware-singapore
nylon-coffee-roasters-singapore,chye-seng-huat-hardware-singapore,tiong-bahru-bakery-singapore-4,sunday-folks-singapore,maxwell-food-centre-singapore-3
chye-seng-huat-hardware-singapore,group-therapy-coffee-singapore,food-for-thought-singapore,symmetry-singapore,nylon-coffee-roasters-singapore
group-therapy-coffee-singapore,old-airport-road-food-centre-singapore,tiong-bahru-bakery-singapore-4,two-men-bagel-house-singapore,wild-honey-singapore-3
maxwell-food-centre-singapore-3,tiong-bahru-bakery-singapore-4,old-airport-road-food-centre-singapore,two-men-bagel-house-singapore,strangers-reunion-singapore
nylon-coffee-roasters-singapore,two-men-bagel-house-singapore,group-therapy-coffee-singapore,maxwell-food-centre-singapore-3,tiong-bahru-bakery-singapore-4
tiong-bahru-bakery-singapore-4,maxwell-food-centre-singapore-3,nylon-coffee-roasters-singapore,toms-palette-singapore,sunday-folks-singapore
nylon-coffee-roasters-singapore,toms-palette-singapore,maxwell-food-centre-singapore-3,tiong-bahru-bakery-singapore-4,old-airport-road-food-centre-singapore
nylon-coffee-roasters-singapore,maxwell-food-centre-singapore-3,lau-pa-sat-singapore-2,group-therapy-coffee-singapore,sunday-folks-singapore
tiong-bahru-bakery-singapore-4,maxwell-food-centre-singapore-3,nylon-coffee-roasters-singapore,chye-seng-huat-hardware-singapore,oriole-coffee-bar-singapore-2
chye-seng-huat-hardware-singapore,group-therapy-coffee-singapore,toms-palette-singapore,oriole-coffee-bar-singapore-2,fika-singapore
two-men-bagel-house-singapore,sunday-folks-singapore,nylon-coffee-roasters-singapore,wild-honey-singapore-3,group-therapy-coffee-singapore
maxwell-food-centre-singapore-3,nylon-coffee-roasters-singapore,tiong-bahru-bakery-singapore-4,group-therapy-coffee-singapore,food-for-thought-singapore
toms-palette-singapore,chye-seng-huat-hardware-singapore,riders-cafe-singapore,strangers-reunion-singapore,nylon-coffee-roasters-singapore
toms-palette-singapore,nylon-coffee-roasters-singapore,wild-honey-singapore-3,maxwell-food-centre-singapore-3,lau-pa-sat-singapore-2
tiong-bahru-bakery-singapore-4,group-therapy-cafe-singapore,patisserie-g-singapore,pacamara-boutique-coffee-roasters-singapore,spize-singapore-2
tiong-bahru-bakery-singapore-4,nylon-coffee-roasters-singapore,the-book-cafe-singapore,w39-singapore,penny-university-singapore
clinton-street-baking-company-and-restaurant-singapore,sarnies-singapore,group-therapy-cafe-singapore,group-therapy-coffee-singapore,one-man-coffee-singapore
wild-honey-singapore-3,lau-pa-sat-singapore-2,toms-palette-singapore,the-book-cafe-singapore,sunday-folks-singapore
nylon-coffee-roasters-singapore,maxwell-food-centre-singapore-3,chye-seng-huat-hardware-singapore,tiong-bahru-bakery-singapore-4,toms-palette-singapore
maxwell-food-centre-singapore-3,nylon-coffee-roasters-singapore,food-for-thought-singapore,oriole-coffee-bar-singapore-2,tiong-bahru-bakery-singapore-4
maxwell-food-centre-singapore-3,nylon-coffee-roasters-singapore,tiong-bahru-bakery-singapore-4,chye-seng-huat-hardware-singapore,toms-palette-singapore
nylon-coffee-roasters-singapore,maxwell-food-centre-singapore-3,chye-seng-huat-hardware-singapore,creamier-singapore,tiong-bahru-food-market-and-hawker-centre-singapore
maxwell-food-centre-singapore-3,nylon-coffee-roasters-singapore,chye-seng-huat-hardware-singapore,two-men-bagel-house-singapore,tiong-bahru-bakery-singapore-4
wild-honey-singapore-3,common-man-coffee-roasters-singapore,tiong-bahru-bakery-singapore-4,bread-and-hearth-singapore,d-good-cafe-singapore
nylon-coffee-roasters-singapore,maxwell-food-centre-singapore-3,toms-palette-singapore,strangers-reunion-singapore,chye-seng-huat-hardware-singapore
maxwell-food-centre-singapore-3,nylon-coffee-roasters-singapore,oriole-coffee-bar-singapore-2,group-therapy-coffee-singapore,patisserie-g-singapore
nylon-coffee-roasters-singapore,group-therapy-coffee-singapore,maxwell-food-centre-singapore-3,oriole-coffee-bar-singapore-2,two-men-bagel-house-singapore
tiong-bahru-bakery-singapore-4,maxwell-food-centre-singapore-3,nylon-coffee-roasters-singapore,chye-seng-huat-hardware-singapore,group-therapy-coffee-singapore
